subj_course_id	sec_code	sec_id	instructor	total_seats	meetings
ANAR 144	A00	096456	Braswell, Geoffrey E.	24	LE,TuTh,8:00 - 10:50,RCLAS R15|FI,2022-07-30,8:00 - 10:59,RCLAS R12
ANBI 134	A00	083020	Hall, James Ernest	20	LE,MW,11:00 - 13:50,RCLAS R04|FI,2022-07-29,11:30 - 14:29,RCLAS R04
ANBI 140	A00	083559	Hrvoj Mihic, Branka	20	LE,TuTh,14:00 - 16:50,CENTR 217B|FI,2022-07-30,15:00 - 17:59,CENTR 217B
ANBI 173	A00	083560	Wilder, Linnea Lorene	20	LE,MW,11:00 - 13:50,CENTR 218|FI,2022-07-29,11:30 - 14:29,CENTR 218
ANSC 122	A00	083021	Berman, Michael David	32	LE,MW,14:00 - 16:50,RCLAS R08|FI,2022-07-29,15:00 - 17:59,RCLAS R08
ANSC 150	A00	092509	Olivas Hernandez, Olga Lid	20	LE,TuTh,17:00 - 19:50,RCLAS R105|FI,2022-07-30,19:00 - 21:59,RCLAS R09
ANSC 190GS	A00	083022	Lewis, Leslie R	20	SE,N/A,0:00 - 0:00,TBA TBA
ANTH 1	A00	083019	Berman, Michael David	44	LE,MW,17:00 - 19:50,RCLAS R03|FI,2022-07-29,19:00 - 21:59,RCLAS R03
ANTH 3	A01	086771	Rivera-Collazo, Isabel C	34	LE,TuTh,11:00 - 13:50,RCLAS R113|FI,2022-07-30,11:30 - 14:29,RCLAS R103|DI,MW,11:00 - 11:50,RCLAS R114
ANTH 21	A01	083556	Kennemore, Amy Michelle	40	LE,MW,11:00 - 13:50,CSB 005|FI,2022-07-29,11:30 - 14:29,CSB 005|DI,TuTh,11:00 - 11:50,CSB 004
ANTH 23	A01	083558	Kennemore, Amy Michelle	40	LE,TuTh,14:00 - 16:50,SEQUO 147|FI,2022-07-30,15:00 - 17:59,SEQUO 147|DI,TuTh,11:00 - 11:50,RCLAS R103
ANTH 101	A01	083024	Algaze, Guillermo	40	LE,MTuWTh,14:00 - 15:20,RCLAS R104|FI,2022-07-29,15:00 - 17:59,RCLAS R104|DI,TuTh,16:00 - 16:50,RCLAS R103
ANTH 105	A00	083025	Stewart, Alexander B	33	LE,TuTh,8:00 - 10:50,RCLAS R02
BENG 100	A01	086469	Siuliukina, Nataliia	40	LE,M,15:00 - 16:50,WLH 2113|LE,MW,17:00 - 19:50,WLH 2113|FI,2022-07-29,19:00 - 21:59,WLH 2113|DI,W,9:00 - 10:50,WLH 2114
BIBC 100	A01	084866	Piercy, Marc Anthony	32	LE,MTuWTh,8:00 - 9:20,CENTR 109|FI,2022-07-29,8:00 - 10:59,CENTR 109|DI,MW,13:00 - 13:50,SEQUO 148
BIBC 100	A02	084867	Piercy, Marc Anthony	32	LE,MTuWTh,8:00 - 9:20,CENTR 109|FI,2022-07-29,8:00 - 10:59,CENTR 109|DI,MW,14:00 - 14:50,SEQUO 148
BIBC 100	A03	084868	Piercy, Marc Anthony	32	LE,MTuWTh,8:00 - 9:20,CENTR 109|FI,2022-07-29,8:00 - 10:59,CENTR 109|DI,TuTh,12:00 - 12:50,SEQUO 148
BIBC 102	A01	084869	Flagg, Matthew Paul	32	LE,TuTh,17:00 - 19:50,CENTR 115|FI,2022-07-30,19:00 - 21:59,CENTR 115|RE,2022-07-29,14:00 - 16:50,PCYNH 121|DI,MW,12:00 - 12:50,APM 2301
BIBC 102	A02	084870	Flagg, Matthew Paul	32	LE,TuTh,17:00 - 19:50,CENTR 115|FI,2022-07-30,19:00 - 21:59,CENTR 115|RE,2022-07-29,14:00 - 16:50,PCYNH 121|DI,MW,13:00 - 13:50,APM 2301
BIBC 102	A03	084871	Flagg, Matthew Paul	32	LE,TuTh,17:00 - 19:50,CENTR 115|FI,2022-07-30,19:00 - 21:59,CENTR 115|RE,2022-07-29,14:00 - 16:50,PCYNH 121|DI,MW,16:00 - 16:50,APM 2301
BIBC 102	A04	084872	Flagg, Matthew Paul	32	LE,TuTh,17:00 - 19:50,CENTR 115|FI,2022-07-30,19:00 - 21:59,CENTR 115|RE,2022-07-29,14:00 - 16:50,PCYNH 121|DI,MW,17:00 - 17:50,APM 2301
BIBC 102	A05	084873	Flagg, Matthew Paul	32	LE,TuTh,17:00 - 19:50,CENTR 115|FI,2022-07-30,19:00 - 21:59,CENTR 115|RE,2022-07-29,14:00 - 16:50,PCYNH 121|DI,MW,18:00 - 18:50,APM 2301
BICD 100	A01	084874	Moeller, Corinne Anne	32	LE,MTuWTh,12:30 - 13:50,RCLAS R103|FI,2022-07-29,11:30 - 14:29,RCLAS R103|DI,MW,14:00 - 14:50,RCLAS R103
BICD 100	A02	084875	Moeller, Corinne Anne	32	LE,MTuWTh,12:30 - 13:50,RCLAS R103|FI,2022-07-29,11:30 - 14:29,RCLAS R103|DI,MW,15:00 - 15:50,RCLAS R103
BICD 100	A03	084876	Moeller, Corinne Anne	32	LE,MTuWTh,12:30 - 13:50,RCLAS R103|FI,2022-07-29,11:30 - 14:29,RCLAS R103|DI,TuTh,15:00 - 15:50,RCLAS R103
BICD 100	A04	084877	Moeller, Corinne Anne	32	LE,MTuWTh,12:30 - 13:50,RCLAS R103|FI,2022-07-29,11:30 - 14:29,RCLAS R103|DI,TuTh,16:00 - 16:50,RCLAS R101
BICD 100	A05	084878	Moeller, Corinne Anne	32	LE,MTuWTh,12:30 - 13:50,RCLAS R103|FI,2022-07-29,11:30 - 14:29,RCLAS R103|DI,TuTh,17:00 - 17:50,RCLAS R101
BICD 100	B01	083043	McDonnell, Lisa Marie	32	LE,MW,8:00 - 10:50,RCLAS R14|FI,2022-07-29,8:00 - 10:59,RCLAS R14|DI,TuTh,11:00 - 11:50,RCLAS R19
BICD 100	B02	083044	McDonnell, Lisa Marie	32	LE,MW,8:00 - 10:50,RCLAS R14|FI,2022-07-29,8:00 - 10:59,RCLAS R14|DI,TuTh,14:00 - 14:50,RCLAS R17
BICD 100	B03	083045	McDonnell, Lisa Marie	32	LE,MW,8:00 - 10:50,RCLAS R14|FI,2022-07-29,8:00 - 10:59,RCLAS R14|DI,TuTh,15:00 - 15:50,RCLAS R11
BIEB 102	A01	083047	Butler, Shannon Rhey	34	LE,MTuWTh,8:00 - 9:20,RCLAS R01|FI,2022-07-29,8:00 - 10:59,RCLAS R199|DI,MW,11:00 - 11:50,RCLAS R28
BIEB 102	A02	083048	Butler, Shannon Rhey	34	LE,MTuWTh,8:00 - 9:20,RCLAS R01|FI,2022-07-29,8:00 - 10:59,RCLAS R199|DI,MW,12:00 - 12:50,RCLAS R11
BIEB 102	A03	083049	Butler, Shannon Rhey	34	LE,MTuWTh,8:00 - 9:20,RCLAS R01|FI,2022-07-29,8:00 - 10:59,RCLAS R199|DI,MW,15:00 - 15:50,RCLAS R29
BIEB 102	A04	083050	Butler, Shannon Rhey	34	LE,MTuWTh,8:00 - 9:20,RCLAS R01|FI,2022-07-29,8:00 - 10:59,RCLAS R199|DI,MW,16:00 - 16:50,RCLAS R23
BIEB 102	A05	083051	Butler, Shannon Rhey	34	LE,MTuWTh,8:00 - 9:20,RCLAS R01|FI,2022-07-29,8:00 - 10:59,RCLAS R199|DI,MW,17:00 - 17:50,RCLAS R08
BIEB 102	A06	095717	Butler, Shannon Rhey	34	LE,MTuWTh,8:00 - 9:20,RCLAS R01|FI,2022-07-29,8:00 - 10:59,RCLAS R199|DI,MW,14:00 - 14:50,RCLAS R106
BIEB 136GS	A00	083052	Shurin, Jonathan	0	LA,N/A,0:00 - 0:00,TBA TBA
BIEB 137GS	A01	083054	Shurin, Jonathan	0	LE,N/A,0:00 - 0:00,TBA TBA|LA,N/A,0:00 - 0:00,TBA TBA
BILD 1	A01	084857	Cooper, Andrew Michael	32	LE,MTuWTh,14:00 - 15:20,CENTR 115|FI,2022-07-29,15:00 - 17:59,CENTR 115|DI,MW,16:00 - 16:50,WLH 2114
BILD 1	A02	084858	Cooper, Andrew Michael	32	LE,MTuWTh,14:00 - 15:20,CENTR 115|FI,2022-07-29,15:00 - 17:59,CENTR 115|DI,MW,17:00 - 17:50,WLH 2114
BILD 1	A03	084859	Cooper, Andrew Michael	32	LE,MTuWTh,14:00 - 15:20,CENTR 115|FI,2022-07-29,15:00 - 17:59,CENTR 115|DI,MW,18:00 - 18:50,WLH 2114
BILD 1	A04	084860	Cooper, Andrew Michael	32	LE,MTuWTh,14:00 - 15:20,CENTR 115|FI,2022-07-29,15:00 - 17:59,CENTR 115|DI,TuTh,9:00 - 9:50,CENTR 217B
BILD 1	A05	084861	Cooper, Andrew Michael	32	LE,MTuWTh,14:00 - 15:20,CENTR 115|FI,2022-07-29,15:00 - 17:59,CENTR 115|DI,TuTh,10:00 - 10:50,CENTR 217B
BILD 2	A01	083027	Lebeaupin, Cynthia D	32	LE,MW,17:00 - 19:50,RCLAS R05|FI,2022-07-30,8:00 - 10:59,RCLAS R01|MI,2022-07-16,9:00 - 10:50,RCLAS R01|DI,TuTh,12:00 - 12:50,RCLAS R24
BILD 2	A02	083028	Lebeaupin, Cynthia D	32	LE,MW,17:00 - 19:50,RCLAS R05|FI,2022-07-30,8:00 - 10:59,RCLAS R01|MI,2022-07-16,9:00 - 10:50,RCLAS R01|DI,TuTh,13:00 - 13:50,RCLAS R19
BILD 2	A03	083029	Lebeaupin, Cynthia D	32	LE,MW,17:00 - 19:50,RCLAS R05|FI,2022-07-30,8:00 - 10:59,RCLAS R01|MI,2022-07-16,9:00 - 10:50,RCLAS R01|DI,TuTh,14:00 - 14:50,RCLAS R13
BILD 2	A04	083030	Lebeaupin, Cynthia D	32	LE,MW,17:00 - 19:50,RCLAS R05|FI,2022-07-30,8:00 - 10:59,RCLAS R01|MI,2022-07-16,9:00 - 10:50,RCLAS R01|DI,TuTh,15:00 - 15:50,RCLAS R15
BILD 2	A05	083031	Lebeaupin, Cynthia D	32	LE,MW,17:00 - 19:50,RCLAS R05|FI,2022-07-30,8:00 - 10:59,RCLAS R01|MI,2022-07-16,9:00 - 10:50,RCLAS R01|DI,TuTh,16:00 - 16:50,RCLAS R17
BILD 2	A06	083032	Lebeaupin, Cynthia D	32	LE,MW,17:00 - 19:50,RCLAS R05|FI,2022-07-30,8:00 - 10:59,RCLAS R01|MI,2022-07-16,9:00 - 10:50,RCLAS R01|DI,TuTh,17:00 - 17:50,RCLAS R12
BILD 2	A07	083033	Lebeaupin, Cynthia D	32	LE,MW,17:00 - 19:50,RCLAS R05|FI,2022-07-30,8:00 - 10:59,RCLAS R01|MI,2022-07-16,9:00 - 10:50,RCLAS R01|DI,TuTh,18:00 - 18:50,RCLAS R10
BILD 3	A01	083035	Butler, Shannon Rhey	34	LE,MTuWTh,9:30 - 10:50,RCLAS R01|FI,2022-07-29,8:00 - 10:59,RCLAS R198|DI,TuTh,12:00 - 12:50,RCLAS R22
BILD 3	A02	083036	Butler, Shannon Rhey	34	LE,MTuWTh,9:30 - 10:50,RCLAS R01|FI,2022-07-29,8:00 - 10:59,RCLAS R198|DI,TuTh,13:00 - 13:50,RCLAS R22
BILD 3	A03	083037	Butler, Shannon Rhey	34	LE,MTuWTh,9:30 - 10:50,RCLAS R01|FI,2022-07-29,8:00 - 10:59,RCLAS R198|DI,TuTh,14:00 - 14:50,RCLAS R19
BILD 3	A04	083038	Butler, Shannon Rhey	34	LE,MTuWTh,9:30 - 10:50,RCLAS R01|FI,2022-07-29,8:00 - 10:59,RCLAS R198|DI,TuTh,15:00 - 15:50,RCLAS R13
BILD 3	A05	083039	Butler, Shannon Rhey	34	LE,MTuWTh,9:30 - 10:50,RCLAS R01|FI,2022-07-29,8:00 - 10:59,RCLAS R198|DI,TuTh,16:00 - 16:50,RCLAS R15
BILD 3	A06	083040	Butler, Shannon Rhey	34	LE,MTuWTh,9:30 - 10:50,RCLAS R01|FI,2022-07-29,8:00 - 10:59,RCLAS R198|DI,TuTh,17:00 - 17:50,RCLAS R07
BILD 3	A07	083041	Butler, Shannon Rhey	34	LE,MTuWTh,9:30 - 10:50,RCLAS R01|FI,2022-07-29,8:00 - 10:59,RCLAS R198|DI,TuTh,18:00 - 18:50,RCLAS R08
BILD 12	A01	084862	Lee, Donghyung	32	LE,MTuWTh,11:00 - 12:20,MOS 0204|FI,2022-07-29,11:30 - 14:29,PETER 102|DI,MW,9:00 - 9:50,SEQUO 148
BILD 12	A02	084863	Lee, Donghyung	32	LE,MTuWTh,11:00 - 12:20,MOS 0204|FI,2022-07-29,11:30 - 14:29,PETER 102|DI,MW,10:00 - 10:50,SEQUO 148
BILD 20	A01	084864	Rana, Brinda Kanti	32	LE,MW,17:00 - 19:50,PETER 104|FI,2022-07-29,19:00 - 21:59,PETER 104|DI,TuTh,16:00 - 16:50,WLH 2114
BILD 20	A02	084865	Rana, Brinda Kanti	32	LE,MW,17:00 - 19:50,PETER 104|FI,2022-07-29,19:00 - 21:59,PETER 104|DI,TuTh,17:00 - 17:50,WLH 2114
BILD 30	A01	085705	Spencer, Tara Clare Jewel	32	LE,MW,14:00 - 16:50,PETER 103|FI,2022-07-29,15:00 - 17:59,PETER 103|DI,TuTh,9:00 - 9:50,SOLIS 109
BILD 99	001	095318	Jackrel, Sara	9999	IN,N/A,0:00 - 0:00,TBA TBA
BIMM 100	A01	084879	Ulivieri, Martina	34	LE,MTuWTh,15:30 - 16:50,RCLAS R04|FI,2022-07-29,15:00 - 17:59,RCLAS R04|DI,MW,14:00 - 14:50,RCLAS R04
BIMM 100	A02	084880	Ulivieri, Martina	34	LE,MTuWTh,15:30 - 16:50,RCLAS R04|FI,2022-07-29,15:00 - 17:59,RCLAS R04|DI,TuTh,10:00 - 10:50,RCLAS R101
BIMM 100	A03	084881	Ulivieri, Martina	34	LE,MTuWTh,15:30 - 16:50,RCLAS R04|FI,2022-07-29,15:00 - 17:59,RCLAS R04|DI,TuTh,13:00 - 13:50,RCLAS R101
BIMM 100	A04	093694	Ulivieri, Martina	34	LE,MTuWTh,15:30 - 16:50,RCLAS R04|FI,2022-07-29,15:00 - 17:59,RCLAS R04|DI,MW,13:00 - 13:50,RCLAS R110
BIMM 100	A05	093695	Ulivieri, Martina	34	LE,MTuWTh,15:30 - 16:50,RCLAS R04|FI,2022-07-29,15:00 - 17:59,RCLAS R04|DI,TuTh,11:00 - 11:50,RCLAS R111
BIMM 110	A01	083572	Tat, John	32	LE,MTuWTh,15:30 - 16:50,WLH 2111|FI,2022-07-30,8:00 - 10:59,WLH 2111|DI,F,9:00 - 10:50,CENTR 217A
BIMM 110	A02	083573	Tat, John	32	LE,MTuWTh,15:30 - 16:50,WLH 2111|FI,2022-07-30,8:00 - 10:59,WLH 2111|DI,F,11:00 - 12:50,CENTR 217A
BIMM 120	A01	083056	Pickett, Brooke Elizabeth	34	LE,TuTh,14:00 - 16:50,RCLAS R16|FI,2022-07-30,15:00 - 17:59,RCLAS R16|DI,F,9:00 - 10:50,RCLAS R01
BIMM 120	A02	083057	Pickett, Brooke Elizabeth	34	LE,TuTh,14:00 - 16:50,RCLAS R16|FI,2022-07-30,15:00 - 17:59,RCLAS R16|DI,F,11:00 - 12:50,RCLAS R01
BIMM 120	A03	083058	Pickett, Brooke Elizabeth	34	LE,TuTh,14:00 - 16:50,RCLAS R16|FI,2022-07-30,15:00 - 17:59,RCLAS R16|DI,F,13:00 - 14:50,RCLAS R01
BIPN 100	A01	083575	Armour, Jon Christopher	32	LE,TuTh,11:00 - 13:50,SOLIS 104|FI,2022-07-30,11:30 - 14:29,SOLIS 104|RE,2022-07-10,18:00 - 19:50,SOLIS 104|RE,2022-07-24,18:00 - 19:50,SOLIS 104|RE,2022-07-28,18:00 - 20:50,CENTR 113|DI,TuTh,10:00 - 10:50,SOLIS 109
BIPN 100	A02	083576	Armour, Jon Christopher	32	LE,TuTh,11:00 - 13:50,SOLIS 104|FI,2022-07-30,11:30 - 14:29,SOLIS 104|RE,2022-07-10,18:00 - 19:50,SOLIS 104|RE,2022-07-24,18:00 - 19:50,SOLIS 104|RE,2022-07-28,18:00 - 20:50,CENTR 113|DI,TuTh,14:00 - 14:50,SOLIS 109
BIPN 100	A03	083577	Armour, Jon Christopher	32	LE,TuTh,11:00 - 13:50,SOLIS 104|FI,2022-07-30,11:30 - 14:29,SOLIS 104|RE,2022-07-10,18:00 - 19:50,SOLIS 104|RE,2022-07-24,18:00 - 19:50,SOLIS 104|RE,2022-07-28,18:00 - 20:50,CENTR 113|DI,TuTh,15:00 - 15:50,SOLIS 109
BIPN 100	A04	083578	Armour, Jon Christopher	32	LE,TuTh,11:00 - 13:50,SOLIS 104|FI,2022-07-30,11:30 - 14:29,SOLIS 104|RE,2022-07-10,18:00 - 19:50,SOLIS 104|RE,2022-07-24,18:00 - 19:50,SOLIS 104|RE,2022-07-28,18:00 - 20:50,CENTR 113|DI,MW,10:00 - 10:50,CENTR 218
BIPN 134	A01	083060	Cooke, James Edward	34	LE,TuTh,8:00 - 10:50,RCLAS R07|FI,2022-07-30,8:00 - 10:59,RCLAS R07|DI,MW,9:00 - 9:50,RCLAS R15
BIPN 134	A02	083061	Cooke, James Edward	34	LE,TuTh,8:00 - 10:50,RCLAS R07|FI,2022-07-30,8:00 - 10:59,RCLAS R07|DI,MW,10:00 - 10:50,RCLAS R15
BIPN 134	A03	083062	Cooke, James Edward	34	LE,TuTh,8:00 - 10:50,RCLAS R07|FI,2022-07-30,8:00 - 10:59,RCLAS R07|DI,MW,11:00 - 11:50,RCLAS R31
BIPN 134	A04	083063	Cooke, James Edward	34	LE,TuTh,8:00 - 10:50,RCLAS R07|FI,2022-07-30,8:00 - 10:59,RCLAS R07|DI,MW,14:00 - 14:50,RCLAS R23
BIPN 134	A05	083064	Cooke, James Edward	34	LE,TuTh,8:00 - 10:50,RCLAS R07|FI,2022-07-30,8:00 - 10:59,RCLAS R07|DI,MW,15:00 - 15:50,RCLAS R27
BIPN 134	A06	083065	Cooke, James Edward	34	LE,TuTh,8:00 - 10:50,RCLAS R07|FI,2022-07-30,8:00 - 10:59,RCLAS R07|DI,MW,16:00 - 16:50,RCLAS R14
BISP 193	001	093123	Cooke, James Edward	9999	IN,N/A,0:00 - 0:00,TBA TBA
BISP 193	002	095607	Petrie, Katherine Lynn	9999	IN,N/A,0:00 - 0:00,TBA TBA
BISP 193	003	096404	McDonnell, Lisa Marie	9999	IN,N/A,0:00 - 0:00,TBA TBA
BISP 197	001	095747	Wilhelm, James E.	9999	IN,N/A,0:00 - 0:00,TBA TBA
BISP 199	001	091857	Ernst, Andreas	9999	IN,N/A,0:00 - 0:00,TBA TBA
BISP 199	002	091966	Fisch, Kathleen Marie	9999	IN,N/A,0:00 - 0:00,TBA TBA
BISP 199	003	091967	Cherqui, Stephanie	9999	IN,N/A,0:00 - 0:00,TBA TBA
BISP 199	004	092928	Schroeder, Julian I	9999	IN,N/A,0:00 - 0:00,TBA TBA
BISP 199	005	093427	Looger, Loren Lee	9999	IN,N/A,0:00 - 0:00,TBA TBA
BISP 199	006	093463	Shaner, Nathan C.	9999	IN,N/A,0:00 - 0:00,TBA TBA
BISP 199	007	093466	Akbari, Omar Sultan	9999	IN,N/A,0:00 - 0:00,TBA TBA
BISP 199	008	093471	Kaech, Susan Michelle	9999	IN,N/A,0:00 - 0:00,TBA TBA
BISP 199	009	093693	Daneman, Richard	9999	IN,N/A,0:00 - 0:00,TBA TBA
BISP 199	010	093821	Hollern, Daniel Patrick	9999	IN,N/A,0:00 - 0:00,TBA TBA
BISP 199	011	093822	Pogliano, Joseph	9999	IN,N/A,0:00 - 0:00,TBA TBA
BISP 199	012	093823	Cooper, Kimberly Lynn	9999	IN,N/A,0:00 - 0:00,TBA TBA
BISP 199	013	093830	Mellon, Pamela L	9999	IN,N/A,0:00 - 0:00,TBA TBA
BISP 199	014	093882	Muotri, Alysson	9999	IN,N/A,0:00 - 0:00,TBA TBA
BISP 199	015	093898	Gallo, Richard L.	9999	IN,N/A,0:00 - 0:00,TBA TBA
BISP 199	016	095041	Panda, Satchidananda	9999	IN,N/A,0:00 - 0:00,TBA TBA
BISP 199	017	095044	Fu, Xiang-Dong	9999	IN,N/A,0:00 - 0:00,TBA TBA
BISP 199	018	095110	Greenspan, Ralph J.	9999	IN,N/A,0:00 - 0:00,TBA TBA
BISP 199	019	095116	Achim, Cristian L	9999	IN,N/A,0:00 - 0:00,TBA TBA
BISP 199	020	095126	Leutgeb, Jill K.	9999	IN,N/A,0:00 - 0:00,TBA TBA
BISP 199	021	095500	Bode, Lars	9999	IN,N/A,0:00 - 0:00,TBA TBA
BISP 199	022	095503	Zheng, Binhai	9999	IN,N/A,0:00 - 0:00,TBA TBA
BISP 199	023	095534	Thackray, Varykina G.	9999	IN,N/A,0:00 - 0:00,TBA TBA
BISP 199	024	095539	Chen, Xu	9999	IN,N/A,0:00 - 0:00,TBA TBA
BISP 199	025	095543	Busch, Wolfgang	9999	IN,N/A,0:00 - 0:00,TBA TBA
BISP 199	026	095545	Mayfield, Stephen P.	9999	IN,N/A,0:00 - 0:00,TBA TBA
BISP 199	027	095563	Fang, Xi	9999	IN,N/A,0:00 - 0:00,TBA TBA
BISP 199	028	095572	Olefsky, Jerrold M	9999	IN,N/A,0:00 - 0:00,TBA TBA
BISP 199	029	095645	Cho, Yoshitake	9999	IN,N/A,0:00 - 0:00,TBA TBA
BISP 199	030	095647	Ernst, Peter B	9999	IN,N/A,0:00 - 0:00,TBA TBA
BISP 199	031	095656	Mahata, Sushil K	9999	IN,N/A,0:00 - 0:00,TBA TBA
BISP 199	032	095658	Kristan, William B.	9999	IN,N/A,0:00 - 0:00,TBA TBA
BISP 199	033	095664	Shurin, Jonathan	9999	IN,N/A,0:00 - 0:00,TBA TBA
BISP 199	034	095665	Zhang, Dong-Er	9999	IN,N/A,0:00 - 0:00,TBA TBA
BISP 199	035	095685	Mesirov, Jill P.	9999	IN,N/A,0:00 - 0:00,TBA TBA
BISP 199	036	095702	Corey-Bloom, Jody P	9999	IN,N/A,0:00 - 0:00,TBA TBA
BISP 199	037	095704	Joiner, William J.	9999	IN,N/A,0:00 - 0:00,TBA TBA
BISP 199	038	095718	Rivera-Nieves, Jesus	9999	IN,N/A,0:00 - 0:00,TBA TBA
BISP 199	039	095724	Boss, Gerard R.	9999	IN,N/A,0:00 - 0:00,TBA TBA
BISP 199	040	095735	McConville, Patrick James	9999	IN,N/A,0:00 - 0:00,TBA TBA
BISP 199	041	095737	Ay, Ferhat	9999	IN,N/A,0:00 - 0:00,TBA TBA
BISP 199	042	095740	Wildonger, Jill Cathleen	9999	IN,N/A,0:00 - 0:00,TBA TBA
BISP 199	043	095741	Huffaker, Alisa	9999	IN,N/A,0:00 - 0:00,TBA TBA
BISP 199	044	095744	Das, Soumita	9999	IN,N/A,0:00 - 0:00,TBA TBA
BISP 199	045	095918	Gordts, Philip	9999	IN,N/A,0:00 - 0:00,TBA TBA
BISP 199	046	095919	Miller, Yury	9999	IN,N/A,0:00 - 0:00,TBA TBA
BISP 199	047	095922	Niwa, Maho	9999	IN,N/A,0:00 - 0:00,TBA TBA
BISP 199	048	095923	Desplats, Paula A	9999	IN,N/A,0:00 - 0:00,TBA TBA
BISP 199	049	095934	Holway, David A.	9999	IN,N/A,0:00 - 0:00,TBA TBA
BISP 199	050	095936	Rifkin, Scott	9999	IN,N/A,0:00 - 0:00,TBA TBA
BISP 199	051	095937	Ackerman, Susan	9999	IN,N/A,0:00 - 0:00,TBA TBA
BISP 199	052	095956	Traver, David	9999	IN,N/A,0:00 - 0:00,TBA TBA
BISP 199	053	095964	Dulawa, Stephanie Carole	9999	IN,N/A,0:00 - 0:00,TBA TBA
BISP 199	054	096336	Croft, Michael	9999	IN,N/A,0:00 - 0:00,TBA TBA
BISP 199	055	096619	Berns, Michael	9999	IN,N/A,0:00 - 0:00,TBA TBA
CAT 1	A01	083096	Gumm, Elizabeth Ashley	17	LE,MWF,9:00 - 10:50,RCLAS R02|FI,2022-07-30,8:00 - 10:59,RCLAS R02|DI,MW,11:00 - 11:50,RCLAS R03
CAT 1	A02	083097	Gumm, Elizabeth Ashley	17	LE,MWF,9:00 - 10:50,RCLAS R02|FI,2022-07-30,8:00 - 10:59,RCLAS R02|DI,MW,12:00 - 12:50,RCLAS R03
CAT 1	A03	083098	Gumm, Elizabeth Ashley	17	LE,MWF,9:00 - 10:50,RCLAS R02|FI,2022-07-30,8:00 - 10:59,RCLAS R02|DI,MW,13:00 - 13:50,RCLAS R03
CAT 1	A04	083099	Gumm, Elizabeth Ashley	17	LE,MWF,9:00 - 10:50,RCLAS R02|FI,2022-07-30,8:00 - 10:59,RCLAS R02|DI,MW,14:00 - 14:50,RCLAS R06
CAT 1	A05	083100	Gumm, Elizabeth Ashley	17	LE,MWF,9:00 - 10:50,RCLAS R02|FI,2022-07-30,8:00 - 10:59,RCLAS R02|DI,MW,15:00 - 15:50,RCLAS R06
CAT 1	A06	083101	Gumm, Elizabeth Ashley	17	LE,MWF,9:00 - 10:50,RCLAS R02|FI,2022-07-30,8:00 - 10:59,RCLAS R02|DI,MW,16:00 - 16:50,RCLAS R06
CAT 124	A01	083103	Rose, Becca Rae	15	SE,TuTh,11:00 - 12:50,CTL B108|PR,N/A,0:00 - 0:00,TBA TBA
CAT 125R	A01	083105	Tosun, Adriana	16	LE,N/A,0:00 - 0:00,TBA TBA|DI,MW,9:00 - 9:50,RCLAS R06
CAT 125R	A02	083106	Tosun, Adriana	16	LE,N/A,0:00 - 0:00,TBA TBA|DI,MW,10:00 - 10:50,RCLAS R03
CAT 125R	A03	083107	Tosun, Adriana	16	LE,N/A,0:00 - 0:00,TBA TBA|DI,MW,11:00 - 11:50,RCLAS R02
CAT 125R	A04	083108	Tosun, Adriana	16	LE,N/A,0:00 - 0:00,TBA TBA|DI,MW,12:00 - 12:50,RCLAS R02
CAT 125R	A05	083109	Tosun, Adriana	16	LE,N/A,0:00 - 0:00,TBA TBA|DI,MW,13:00 - 13:50,RCLAS R02
CAT 125R	A06	083110	Tosun, Adriana	16	LE,N/A,0:00 - 0:00,TBA TBA|DI,MW,14:00 - 14:50,RCLAS R03
CAT 125R	A07	083111	Tosun, Adriana	16	LE,N/A,0:00 - 0:00,TBA TBA|DI,MW,15:00 - 15:50,RCLAS R23
CAT 125R	A08	083112	Tosun, Adriana	16	LE,N/A,0:00 - 0:00,TBA TBA|DI,MW,16:00 - 16:50,RCLAS R03
CAT 125R	A09	083113	Tosun, Adriana	16	LE,N/A,0:00 - 0:00,TBA TBA|DI,TuTh,9:00 - 9:50,RCLAS R11
CAT 125R	A10	083114	Tosun, Adriana	16	LE,N/A,0:00 - 0:00,TBA TBA|DI,TuTh,10:00 - 10:50,RCLAS R12
CAT 125R	A11	083115	Tosun, Adriana	16	LE,N/A,0:00 - 0:00,TBA TBA|DI,TuTh,11:00 - 11:50,RCLAS R03
CAT 125R	A12	083116	Tosun, Adriana	16	LE,N/A,0:00 - 0:00,TBA TBA|DI,TuTh,12:00 - 12:50,RCLAS R03
CAT 125R	A13	083117	Tosun, Adriana	16	LE,N/A,0:00 - 0:00,TBA TBA|DI,TuTh,13:00 - 13:50,RCLAS R03
CAT 125R	A14	083118	Tosun, Adriana	16	LE,N/A,0:00 - 0:00,TBA TBA|DI,TuTh,14:00 - 14:50,RCLAS R09
CAT 125R	A15	083119	Tosun, Adriana	16	LE,N/A,0:00 - 0:00,TBA TBA|DI,TuTh,15:00 - 15:50,RCLAS R09
CAT 125R	A16	083120	Tosun, Adriana	16	LE,N/A,0:00 - 0:00,TBA TBA|DI,TuTh,16:00 - 16:50,RCLAS R09
CENG 100	A00	083580	Opatkiewicz, Justin Paul	40	LE,MTuWTh,12:30 - 13:50,WLH 2113|FI,2022-07-29,11:30 - 14:29,PCYNH 120
CGS 2A	A01	083091	Gushiken, Gregory Seiichi Pom	36	LE,TuTh,17:00 - 19:50,RCLAS R03|FI,2022-07-30,19:00 - 21:59,RCLAS R03|DI,Tu,16:00 - 16:50,RCLAS R10
CGS 112	A00	083581	Doermann, Hannah Friederike	16	LE,MW,8:00 - 10:50,CENTR 217B|FI,2022-07-29,8:00 - 10:59,CENTR 217B
CGS 113	A00	083582	Raphaeli, Karen Adee	18	LE,MW,11:00 - 13:50,RCLAS R119
CGS 114	A00	083093	Cuong, Marisol	17	LE,TuTh,14:00 - 16:50,RCLAS R07
CGS 137	A00	083094	Ramirez, Brianna Rachelle	11	LE,TuTh,11:00 - 13:50,RCLAS R01
CHEM 6A	A01	083584	Evanoff, Mallory	100	LE,MTuWTh,9:30 - 10:50,CENTR 216|FI,2022-07-30,8:00 - 10:59,CENTR 216|DI,F,9:00 - 10:50,CENTR 113
CHEM 6B	A01	083067	Hopkins, Patrycja Anna	124	LE,MTuWTh,18:30 - 19:50,RCLAS R06|FI,2022-07-30,11:30 - 14:29,RCLAS R11|MI,2022-07-16,10:00 - 11:50,RCLAS R04|DI,TuTh,17:30 - 18:20,RCLAS R14
CHEM 6C	A01	083586	Hamaoka, Brent Y	150	LE,MTuWTh,8:00 - 9:20,CENTR 115|FI,2022-07-30,8:00 - 10:59,CENTR 115|MI,2022-07-08,10:00 - 11:50,CENTR 115|MI,2022-07-22,10:00 - 11:50,CENTR 115|DI,F,8:00 - 9:50,CENTR 115
CHEM 7L	A01	083588	Leigh, Brian	0	LE,MW,11:00 - 12:50,GH 242|LA,MTuWTh,13:00 - 15:50,YORK 2108
CHEM 7L	A02	083589	Leigh, Brian	0	LE,MW,11:00 - 12:50,GH 242|LA,MTuWTh,13:00 - 15:50,YORK 2124
CHEM 7L	A03	083590	Leigh, Brian	0	LE,MW,11:00 - 12:50,GH 242|LA,MTuWTh,13:00 - 15:50,YORK 2208
CHEM 7L	A04	083591	Leigh, Brian	0	LE,MW,11:00 - 12:50,GH 242|LA,MTuWTh,13:00 - 15:50,YORK 2224
CHEM 7L	B01	083593	Leigh, Brian	0	LE,TuTh,11:00 - 12:50,GH 242|LA,MTuWTh,8:00 - 10:50,YORK 2108
CHEM 7L	B02	083594	Leigh, Brian	0	LE,TuTh,11:00 - 12:50,GH 242|LA,MTuWTh,8:00 - 10:50,YORK 2124
CHEM 7L	B03	083595	Leigh, Brian	0	LE,TuTh,11:00 - 12:50,GH 242|LA,MTuWTh,8:00 - 10:50,YORK 2208
CHEM 7L	B04	083596	Leigh, Brian	0	LE,TuTh,11:00 - 12:50,GH 242|LA,MTuWTh,8:00 - 10:50,YORK 2224
CHEM 40A	A01	083597	Oconnor, Joseph M.	100	LE,TuTh,18:00 - 20:50,RCLAS R07|FI,2022-07-30,8:00 - 10:59,RCLAS R102|MI,2022-07-11,17:00 - 18:50,CENTR 115|MI,2022-07-25,17:00 - 18:50,CENTR 115|RE,2022-07-11,15:00 - 16:50,CENTR 109|RE,2022-07-18,15:00 - 16:50,CENTR 109|RE,2022-07-25,15:00 - 16:50,CENTR 109|DI,F,15:00 - 16:50,CENTR 113
CHEM 40B	A01	083599	Weizman, Haim	50	LE,MTuWTh,14:00 - 15:20,CENTR 216|FI,2022-07-29,15:00 - 17:59,CENTR 216|DI,MW,13:00 - 13:50,PCYNH 120
CHEM 40B	A02	083600	Weizman, Haim	50	LE,MTuWTh,14:00 - 15:20,CENTR 216|FI,2022-07-29,15:00 - 17:59,CENTR 216|DI,MW,12:00 - 12:50,PCYNH 120
CHEM 40C	A01	083602	Klosterman, Jeremy K	100	LE,TuTh,14:00 - 16:50,YORK 2622|FI,2022-07-29,11:30 - 14:29,CENTR 115|MI,2022-07-07,18:00 - 19:50,YORK 2622|MI,2022-07-21,18:00 - 19:50,YORK 2622|DI,TuTh,17:00 - 17:50,YORK 2622
CHEM 43A	A01	083604	Weizman, Haim	0	LE,MW,11:00 - 11:50,YORK 2622|FI,2022-07-29,11:30 - 14:29,YORK 2622|LA,MTuWTh,8:00 - 10:50,YORK 3108
CHEM 43A	A02	083605	Weizman, Haim	0	LE,MW,11:00 - 11:50,YORK 2622|FI,2022-07-29,11:30 - 14:29,YORK 2622|LA,MTuWTh,8:00 - 10:50,YORK 3208
CHEM 43A	A03	083606	Weizman, Haim	0	LE,MW,11:00 - 11:50,YORK 2622|FI,2022-07-29,11:30 - 14:29,YORK 2622|LA,MTuWTh,8:00 - 10:50,YORK 3224
CHEM 43A	A04	083607	Weizman, Haim	0	LE,MW,11:00 - 11:50,YORK 2622|FI,2022-07-29,11:30 - 14:29,YORK 2622|LA,MTuWTh,8:00 - 10:50,YORK 4208
CHEM 109	A01	083609	Hamaoka, Brent Y	0	LE,MW,11:00 - 11:50,PACIF 4500|LA,MTuWTh,12:00 - 15:50,NSB 1311
CHEM 109	A02	083610	Hamaoka, Brent Y	0	LE,MW,11:00 - 11:50,PACIF 4500|LA,MTuWTh,12:00 - 15:50,NSB 1319
CHEM 143B	A01	083612	Klosterman, Jeremy K	0	LE,MW,12:00 - 12:50,SEQUO 148|FI,2022-07-29,11:30 - 14:29,SEQUO 148|LA,MTuWTh,9:00 - 11:50,TATA 3303
CHEM 143B	A02	083613	Klosterman, Jeremy K	0	LE,MW,12:00 - 12:50,SEQUO 148|FI,2022-07-29,11:30 - 14:29,SEQUO 148|LA,MTuWTh,9:00 - 11:50,TATA 3302
CHEM 199	001	093122	Rinehart, Jeffrey Dennis	9999	IN,N/A,0:00 - 0:00,TBA TBA
CHEM 199	002	096692	Burkart, Michael D	9999	IN,N/A,0:00 - 0:00,TBA TBA
CHIN 169A	A00	083069	Wang, Xiao	22	LE,MW,18:00 - 20:50,RCLAS R01|FI,2022-07-29,19:00 - 21:59,RCLAS R01
COGS 9	A01	083615	Shannon, Kyle Michael	75	LE,MTuWTh,15:30 - 16:50,PETER 104|FI,2022-07-29,15:00 - 17:59,PETER 104|DI,TuTh,17:00 - 17:50,PETER 104
COGS 11	A01	083617	Boyle, Mary E. T.	48	LE,MW,11:00 - 13:50,SEQUO 147|FI,2022-07-29,11:30 - 14:29,SEQUO 147|DI,MW,10:00 - 10:50,SEQUO 147
COGS 13	A01	083071	Bastos, Amalia Pinkusfeld	71	LE,MTuWTh,8:00 - 9:20,RCLAS R21|FI,2022-07-29,8:00 - 10:59,RCLAS R21|DI,TuTh,10:00 - 10:50,RCLAS R17
COGS 14A	A01	092681	Semenuks, Arturs	100	LE,MW,8:00 - 10:50,RCLAS R103|FI,2022-07-29,8:00 - 10:59,RCLAS R104|LA,MW,11:00 - 11:50,RCLAS R103
COGS 14B	A01	083073	Cheng, Tzu-Han	63	LE,MTuWTh,14:00 - 15:20,RCLAS R02|FI,2022-07-29,15:00 - 17:59,RCLAS R199|LA,MW,13:00 - 13:50,RCLAS R13
COGS 17	A01	092677	Semenuks, Arturs	81	LE,TuTh,8:00 - 10:50,RCLAS R102|FI,2022-07-30,8:00 - 10:59,RCLAS R101|LA,TuTh,11:00 - 11:50,RCLAS R107
COGS 100	A01	083619	Allen, Michael Gordon	70	LE,TuTh,14:00 - 16:50,RCLAS R111|FI,2022-07-30,15:00 - 17:59,RCLAS R07|DI,TuTh,17:00 - 17:50,RCLAS R05
COGS 101A	A01	083621	Davis, Joshua Daniel	68	LE,MTuWTh,12:30 - 13:50,MANDE B-150|FI,2022-07-29,11:30 - 14:29,MANDE B-150|DI,TuTh,14:00 - 14:50,MANDE B-150
COGS 101B	A01	091572	Allen, Michael Gordon	65	LE,MW,14:00 - 16:50,RCLAS R113|FI,2022-07-29,15:00 - 17:59,RCLAS R06|DI,MW,13:00 - 13:50,RCLAS R115
COGS 101C	A01	083625	Delgado, Tania	35	LE,MTuWTh,14:00 - 15:20,CSB 004|FI,2022-07-29,15:00 - 17:59,CSB 004|DI,TuTh,13:00 - 13:50,CSB 004
COGS 107A	A01	083627	Boyle, Mary E. T.	60	LE,TuTh,11:00 - 13:50,WLH 2205|FI,2022-07-30,11:30 - 14:29,WLH 2205|LA,TuTh,10:00 - 10:50,WLH 2205
COGS 118A	A01	083075	Gupta, Anjum	76	LE,MW,8:00 - 10:50,RCLAS R18|FI,2022-07-29,8:00 - 10:59,RCLAS R18|LA,MW,11:00 - 11:50,RCLAS R26
COGS 199	001	096450	Rossano, Federico	9999	IN,N/A,0:00 - 0:00,TBA TBA
COMM 10	A01	083631	Santa Rosa Siqueira Mendes, Paula	25	LE,TuTh,11:00 - 13:50,WLH 2204|FI,2022-07-30,11:30 - 14:29,WLH 2204|DI,M,9:00 - 10:50,CENTR 207
COMM 10	A02	083632	Santa Rosa Siqueira Mendes, Paula	25	LE,TuTh,11:00 - 13:50,WLH 2204|FI,2022-07-30,11:30 - 14:29,WLH 2204|DI,W,9:00 - 10:50,CENTR 207
COMM 100A	A01	083635	Gaffney, Samuel Jude	25	LE,MW,11:00 - 13:50,CSB 004|FI,2022-07-29,11:30 - 14:29,CSB 004|DI,Tu,9:00 - 10:50,CENTR 205
COMM 100A	A02	083636	Gaffney, Samuel Jude	25	LE,MW,11:00 - 13:50,CSB 004|FI,2022-07-29,11:30 - 14:29,CSB 004|DI,Th,9:00 - 10:50,CENTR 205
COMM 103F	A01	091878	Leuning, Grant Maurstad	35	LE,TuTh,17:00 - 19:50,PCYNH 121|FI,2022-07-30,19:00 - 21:59,PCYNH 121|DI,W,17:00 - 20:50,PCYNH 120
COMM 106T	A00	083637	Dewey, Matthew D	40	LE,MW,14:00 - 16:50,SEQUO 147|FI,2022-07-29,15:00 - 17:59,SEQUO 147
COMM 109N	A00	083638	Conner, Thomas Hartnell	70	LE,MW,17:00 - 19:50,RCLAS R100|FI,2022-07-29,19:00 - 21:59,RCLAS R100
COMM 113T	A00	083639	Havis, Allan	45	LE,TuTh,14:00 - 16:50,RCLAS R105|FI,2022-07-30,15:00 - 17:59,RCLAS R105
COMM 132	A00	083641	McKenna, Denise	45	SE,MW,14:00 - 16:50,RCLAS R10|FI,2022-07-29,15:00 - 17:59,RCLAS R10
COMM 163	A00	083642	Staschus, Sophie	30	SE,TuTh,11:00 - 13:50,CENTR 217B|FI,2022-07-30,11:30 - 14:29,CENTR 217B
CSE 3	A50	083646	Miranda, Gregory Joseph	50	LE,MTuWTh,11:00 - 12:20,PCYNH 122|DI,MW,10:00 - 10:50,PCYNH 122|FI,2022-07-29,11:30 - 14:29,RWAC 0121|MU,2022-07-08,10:00 - 10:50,PCYNH 122|MU,2022-07-08,11:00 - 12:20,PCYNH 122|LA,TuTh,12:30 - 14:30,EBU3B B250
CSE 8A	A50	083650	Miranda, Gregory Joseph	56	LE,MTuWTh,9:30 - 10:50,PCYNH 121|DI,MW,11:00 - 11:50,PCYNH 121|FI,2022-07-29,8:00 - 10:59,CSB 001|MU,2022-07-08,9:30 - 10:50,PCYNH 121|MU,2022-07-08,11:00 - 11:50,PCYNH 121|LA,TuTh,11:00 - 11:50,EBU3B B250
CSE 11	A01	083080	Cao, Yingjun	40	LE,MW,8:00 - 10:50,RCLAS R13|FI,2022-07-29,8:00 - 10:59,RCLAS R13|DI,Th,15:00 - 16:50,RCLAS R10
CSE 12	A01	083652	Krause-Levy, Sophia Louisa	120	LE,MTuWTh,11:00 - 12:20,CENTR 109|FI,2022-07-29,11:30 - 14:29,CENTR 105|RE,2022-07-27,16:00 - 18:00,EBU3B 1202|DI,MW,13:00 - 13:50,CENTR 214
CSE 15L	A01	083654	Morris, Justin Loren	50	LE,MW,8:00 - 9:50,CENTR 113|FI,2022-07-29,8:00 - 10:59,CENTR 105|LA,TuTh,8:00 - 9:50,EBU3B B250
CSE 15L	A02	083655	Morris, Justin Loren	50	LE,MW,8:00 - 9:50,CENTR 113|FI,2022-07-29,8:00 - 10:59,CENTR 105|LA,TuTh,8:00 - 9:50,EBU3B B260
CSE 20	A01	083657	Tran, Khoa Dang	80	LE,MTuWTh,12:30 - 13:50,PCYNH 122|FI,2022-07-29,11:30 - 14:29,CENTR 113|DI,MW,14:00 - 14:50,PCYNH 122
CSE 21	A01	095574	Bach, Quang Tran	48	LE,MTuWTh,14:00 - 15:20,CSB 005|FI,2022-07-29,15:00 - 17:59,CSB 005|DI,MW,16:00 - 16:50,SEQUO 148
CSE 30	A01	083084	Eldon, John	80	LE,TuTh,8:00 - 10:50,RCLAS R08|FI,2022-07-30,8:00 - 10:59,RCLAS R08|DI,W,14:00 - 15:50,RCLAS R26
CSE 30	B01	095061	Bhaskar, Nishant	50	LE,MW,8:00 - 10:50,WLH 2207|FI,2022-07-29,8:00 - 10:59,WLH 2207|DI,MW,17:00 - 17:50,WLH 2207
CSE 100	A01	083659	Cao, Yingjun	70	LE,MW,11:00 - 13:50,RCLAS R101|FI,2022-07-29,11:30 - 14:29,RCLAS R101|DI,Th,14:00 - 15:50,RCLAS R101
CSE 134B	A01	083661	Powell, Thomas Allan	100	LE,MTuWTh,8:00 - 9:20,CSB 002|FI,2022-07-29,8:00 - 10:59,CSB 002|DI,W,10:00 - 11:50,CENTR 113
CSE 140	A01	083663	Gungor, Onat	85	LE,MW,14:00 - 16:50,CENTR 113|FI,2022-07-29,15:00 - 17:59,CENTR 105|DI,W,17:00 - 18:50,CENTR 113
CSE 140L	A01	083088	Eldon, John	100	LE,TuTh,11:00 - 11:50,RCLAS R22|FI,2022-07-30,11:30 - 14:29,RCLAS R22|LA,N/A,0:00 - 0:00,TBA TBA|DI,TuTh,12:00 - 12:50,RCLAS R19
CSE 175	A01	083665	Kumar, Rakesh	25	LE,TuTh,14:00 - 16:50,EBU3B 2154|DI,W,14:00 - 15:50,EBU3B 2154
CSE 190	A00	092507	Dubnov, Shlomo	20	LE,MW,8:00 - 10:50,RCLAS R09|FI,2022-07-29,8:00 - 10:59,RCLAS R09
CSE 199	001	096582	Bafna, Vineet	9999	IN,N/A,0:00 - 0:00,TBA TBA
CSE 293	001	085453	Dow, Steven P	1	IN,N/A,0:00 - 0:00,TBA TBA
CSS 1	A01	091628	Kudrin, Nikolay	52	LE,MW,9:00 - 10:50,RCLAS R22|FI,2022-07-29,8:00 - 10:59,RCLAS R103|LA,MW,11:00 - 13:50,RCLAS R21
DSC 197	001	086551	Eldridge, Justin Matthew	9999	IT,N/A,0:00 - 0:00,TBA TBA
DSGN 100	A01	083669	Rill, Bryan	25	LE,MW,8:00 - 10:50,RCLAS R104|FI,2022-07-29,8:00 - 10:59,RCLAS R105|LA,MW,11:00 - 11:50,RCLAS R107
ECE 45	A01	083139	Congero, Spencer William	75	LE,MTuWTh,11:00 - 12:20,RCLAS R23|FI,2022-07-29,11:30 - 14:29,RCLAS R23|DI,TuTh,13:00 - 13:50,RCLAS R24
ECE 65	A50	083695	Saad, Andrew S	30	LE,TuTh,18:00 - 20:50,PCYNH 120|DI,Th,16:00 - 17:50,PCYNH 120|FI,2022-07-30,19:00 - 21:59,PCYNH 120|RE,2022-07-19,16:00 - 17:50,PCYNH 120|LA,MW,18:00 - 20:50,WLH 2213A
ECE 65	A51	095125	Saad, Andrew S	26	LE,TuTh,18:00 - 20:50,PCYNH 120|DI,Th,16:00 - 17:50,PCYNH 120|FI,2022-07-30,19:00 - 21:59,PCYNH 120|RE,2022-07-19,16:00 - 17:50,PCYNH 120|LA,MW,18:00 - 20:50,WLH 2215
ECE 109	A01	091882	Touri, Behrouz	70	LE,TuTh,14:00 - 16:50,RCLAS R109|FI,2022-07-30,15:00 - 17:59,RCLAS R05|DI,M,13:00 - 14:50,RCLAS R114
ECE 180	A00	083140	Abi Samra, Nicholas Camill	30	LE,MW,8:00 - 10:50,RCLAS R12|FI,2022-07-29,8:00 - 10:59,RCLAS R12
ECE 180	B00	083141	Abi Samra, Nicholas Camill	30	LE,MW,14:00 - 16:50,RCLAS R24|FI,2022-07-29,15:00 - 17:59,RCLAS R24
ECE 199	001	096510	Sievenpiper, Daniel F.	9999	IN,N/A,0:00 - 0:00,TBA TBA
ECON 1	A01	083672	Famulari, Melissa	60	LE,MTuWTh,11:00 - 12:20,CENTR 216|FI,2022-07-30,8:00 - 10:59,CENTR 214|DI,F,11:00 - 12:50,WLH 2205
ECON 100A	A01	083674	Famulari, Melissa	40	LE,MTuWTh,12:30 - 13:50,CENTR 216|FI,2022-07-30,11:30 - 14:29,CENTR 101|DI,F,9:00 - 10:50,MANDE B-104
ECON 100A	A02	083675	Famulari, Melissa	40	LE,MTuWTh,12:30 - 13:50,CENTR 216|FI,2022-07-30,11:30 - 14:29,CENTR 101|DI,F,11:00 - 12:50,MANDE B-104
ECON 100A	A03	094293	Famulari, Melissa	40	LE,MTuWTh,12:30 - 13:50,CENTR 216|FI,2022-07-30,11:30 - 14:29,CENTR 101|DI,F,13:00 - 14:50,MANDE B-104
ECON 100B	A01	083677	Nieto-Barthaburu, Augusto	70	LE,TuTh,11:00 - 13:50,PETER 102|FI,2022-07-30,11:30 - 14:29,PETER 102|RE,2022-07-13,17:00 - 18:50,PETER 102|RE,2022-07-29,17:00 - 18:50,PETER 102|DI,W,9:00 - 10:50,PETER 103
ECON 110B	A01	083680	Levkoff, Steven B.	60	LE,TuTh,11:00 - 13:50,RCLAS R04|FI,2022-07-30,11:30 - 14:29,RCLAS R04|DI,W,11:00 - 12:50,RCLAS R102
ECON 110B	A02	094294	Levkoff, Steven B.	60	LE,TuTh,11:00 - 13:50,RCLAS R04|FI,2022-07-30,11:30 - 14:29,RCLAS R04|DI,W,14:00 - 15:50,RCLAS R114
ECON 120A	A01	083682	Bae, Hannah	50	LE,TuTh,8:00 - 10:50,PETER 103|FI,2022-07-30,8:00 - 10:59,PETER 103|DI,W,9:00 - 10:50,RCLAS R106
ECON 120A	B01	092784	Xi, Jin	50	LE,TuTh,14:00 - 16:50,RCLAS R12|FI,2022-07-30,15:00 - 17:59,RCLAS R12|DI,W,14:00 - 15:50,RCLAS R12
ECON 120B	A01	083684	Ma, Xinwei	65	LE,MW,14:00 - 16:50,PETER 102|FI,2022-07-29,15:00 - 17:59,SOLIS 104|DI,Tu,14:00 - 15:50,CENTR 222
ECON 120C	A01	083686	Wuthrich, Kaspar	60	LE,MW,14:00 - 16:50,RCLAS R101|FI,2022-07-29,15:00 - 17:59,RCLAS R101|DI,Tu,11:00 - 12:50,RCLAS R101
ECON 131	A00	083687	Nieto-Barthaburu, Augusto	70	LE,MW,11:00 - 13:50,PETER 103|FI,2022-07-29,11:30 - 14:29,PETER 103|RE,2022-07-12,17:00 - 18:50,PETER 103|RE,2022-07-28,17:00 - 18:50,PETER 103
ECON 138	A00	083688	Bharadwaj, Prashant	70	LE,MW,8:00 - 10:50,PETER 102|FI,2022-07-29,8:00 - 10:59,PETER 102
ECON 171	A01	083690	Levkoff, Steven B.	85	LE,TuTh,14:00 - 16:50,RCLAS R102|FI,2022-07-30,15:00 - 17:59,RCLAS R102|DI,W,14:00 - 15:50,RCLAS R102
ECON 171	A02	094295	Levkoff, Steven B.	85	LE,TuTh,14:00 - 16:50,RCLAS R102|FI,2022-07-30,15:00 - 17:59,RCLAS R102|DI,W,11:00 - 12:50,RCLAS R115
ECON 178	A01	083692	Zhu, Ying	35	LE,MW,14:00 - 16:50,RCLAS R110|DI,F,14:00 - 15:50,RCLAS R106
ECON 297	001	093470	Ramey, Valerie A	9999	IN,N/A,0:00 - 0:00,TBA TBA
EDS 110R	A01	083122	Miguel, Jessica	30	LE,N/A,0:00 - 0:00,TBA TBA|DI,Tu,13:00 - 13:50,RCLAS R23
EDS 112	A01	083125	Chapman, Thandeka K	30	LE,MTuWTh,8:00 - 9:20,RCLAS R20|DI,N/A,0:00 - 0:00,TBA TBA
EDS 117	A01	083128	Osoria, Ruby	40	LE,MW,11:00 - 13:50,RCLAS R27|DI,N/A,0:00 - 0:00,TBA TBA
EDS 124BR	A00	083129	Eguchi, Emi	24	LE,N/A,0:00 - 0:00,TBA TBA
EDS 124BR	B00	093700	Eguchi, Emi	25	LE,N/A,0:00 - 0:00,TBA TBA
EDS 126	A01	083131	Reece, Erika Rae	35	LE,TuTh,11:00 - 13:50,PETER 103|FI,2022-07-30,11:30 - 14:29,PETER 103|DI,N/A,0:00 - 0:00,TBA TBA
EDS 135	A01	083133	Drake, Kristy Nicole	33	LE,TuTh,16:00 - 17:50,RWAC 0622|PR,N/A,0:00 - 0:00,TBA TBA|DI,TuTh,18:00 - 18:50,RWAC 0622
EDS 139	A00	083135	Holtzman, Caren Lynn	30	PR,N/A,0:00 - 0:00,TBA TBA
EDS 180	A00	083137	Ramirez, Brianna Rachelle	30	LE,MW,14:00 - 16:50,RCLAS R22
ENVR 150GS	A00	091703	Herbst, Matthew	20	LE,N/A,0:00 - 0:00,TBA TBA
ERC 190GS	A01	091924	Lewis, Leslie R	0	LE,N/A,0:00 - 0:00,TBA TBA|FW,N/A,0:00 - 0:00,TBA TBA
ETHN 101	A01	083697	Steelman, Katherine Wallis	32	LE,MW,11:00 - 13:50,CENTR 207|FI,2022-07-30,11:30 - 14:29,CENTR 218|DI,F,11:00 - 12:50,CENTR 207
ETHN 102	A00	083142	Gutierrez, Oscar Antonio	32	LE,MW,11:00 - 13:50,RCLAS R06|FI,2022-07-29,11:30 - 14:29,RCLAS R06
ETHN 118	A00	083144	Assefafeleke, Christine Abine	33	LE,TuTh,14:00 - 16:50,RCLAS R08|FI,2022-07-30,15:00 - 17:59,RCLAS R08
ETHN 127	A00	083698	Doermann, Hannah Friederike	16	LE,MW,8:00 - 10:50,CENTR 217B|FI,2022-07-29,8:00 - 10:59,CENTR 217B
ETHN 137	A00	083145	Ramirez, Brianna Rachelle	11	LE,TuTh,11:00 - 13:50,RCLAS R01
ETHN 155	A00	083146	Gavin, Camila Andrea	32	LE,TuTh,11:00 - 13:50,RCLAS R05|FI,2022-07-30,11:30 - 14:29,RCLAS R199
ETHN 163J	A00	083147	Man, Simeon S	8	LE,MW,14:00 - 16:50,RCLAS R07|FI,2022-07-29,15:00 - 17:59,RCLAS R105
ETHN 183	A00	083148	Cuong, Marisol	17	LE,TuTh,14:00 - 16:50,RCLAS R07
GLBH 20	A00	083149	Hannah, Seth Donal	40	LE,TuTh,10:00 - 12:50,RCLAS R25|FI,2022-07-30,8:00 - 10:59,RCLAS R25
GLBH 111	A01	085496	Burgos, Jose L.	0	SE,Sa,7:30 - 9:20, |SE,M,13:00 - 14:50, |FW,N/A,0:00 - 0:00,TBA TBA
GLBH 150	A00	092510	Olivas Hernandez, Olga Lid	51	LE,TuTh,17:00 - 19:50,RCLAS R105|FI,2022-07-30,19:00 - 21:59,RCLAS R09
HIEA 131	A00	083152	Chan, Thomas Arthur Kwok Wah	30	LE,MW,14:00 - 16:50,RCLAS R13|FI,2022-07-29,15:00 - 17:59,RCLAS R05
HIEU 102A	A00	083700	Marvin, Jamie Marie	30	LE,MW,8:00 - 10:50,CENTR 203|FI,2022-07-29,8:00 - 10:59,CENTR 203
HIEU 104	A00	083701	Crum, Matthew Stephen	30	LE,MW,11:00 - 13:50,CENTR 203|FI,2022-07-29,11:30 - 14:29,CENTR 203
HIEU 109	A00	083702	Ehrlich, Matthew Lawrence	30	LE,TuTh,14:00 - 16:50,CENTR 207|FI,2022-07-30,15:00 - 17:59,CENTR 207
HIEU 111	A00	083153	Wood, Lauren Elizabeth	30	LE,TuTh,11:00 - 13:50,RCLAS R09|FI,2022-07-30,11:30 - 14:29,RCLAS R03
HIEU 121GS	A00	083154	Caldwell, Michael Alan	0	LE,N/A,0:00 - 0:00,TBA TBA
HIEU 124GS	A00	083155	Tronzo, William	0	LE,N/A,0:00 - 0:00,TBA TBA
HIEU 148	A00	083156	Polic, Ivana	30	LE,TuTh,11:00 - 13:50,RCLAS R06|FI,2022-07-30,11:30 - 14:29,RCLAS R104
HIGL 127	A00	083703	Ivey, James Alexander	30	LE,MW,11:00 - 13:50,RCLAS R120|FI,2022-07-29,11:30 - 14:29,RCLAS R110
HILD 2C	A01	083151	Hartung, Felicitas	30	LE,TuTh,18:00 - 20:50,RCLAS R05|FI,2022-07-30,19:00 - 21:59,RCLAS R06|DI,Th,16:00 - 17:50,RCLAS R11
HILD 30GS	A00	085537	Edington, Claire Ellen	0	LE,N/A,0:00 - 0:00,TBA TBA
HIUS 117	A00	083157	Kwak, Nancy	25	LE,TuTh,17:00 - 19:50,RCLAS R04|FI,2022-07-30,19:00 - 21:59,RCLAS R04
HIUS 125	A00	083158	Man, Simeon S	22	LE,MW,14:00 - 16:50,RCLAS R07|FI,2022-07-29,15:00 - 17:59,RCLAS R105
HIUS 149	A00	083159	Castaneda, Miguel Angel	30	LE,TuTh,8:00 - 10:50,RCLAS R03|FI,2022-07-30,8:00 - 10:59,RCLAS R04
HUM 3	A01	083706	Patterson, Patrick H.	50	LE,MW,14:00 - 16:50,RWAC 0121|FI,2022-07-29,15:00 - 17:59,RWAC 0121|DI,MW,17:00 - 17:50,RWAC 0121
HUM 3	B01	083161	Zavodny, Tatiana Sophia	50	LE,TuTh,8:00 - 10:50,RCLAS R09|FI,2022-07-30,8:00 - 10:59,RCLAS R09|DI,TuTh,11:00 - 11:50,RCLAS R17
HUM 3GS	A00	083164	Tronzo, William	0	LE,N/A,0:00 - 0:00,TBA TBA
HUM 3GS	B00	083165	Caldwell, Michael Alan	0	LE,N/A,0:00 - 0:00,TBA TBA
HUM 4	A01	083163	Watkins, Eric	50	LE,MW,8:00 - 10:50,RCLAS R16|FI,2022-07-29,8:00 - 10:59,RCLAS R07|DI,MW,11:00 - 11:50,RCLAS R29
HUM 4	B01	083708	Giordano, Kailey Nicole	50	LE,MW,11:00 - 13:50,CENTR 222|FI,2022-07-29,11:30 - 14:29,CENTR 222|DI,MW,10:00 - 10:50,CENTR 222
HUM 4GS	A00	083166	Lyon, Antony J.	0	LE,N/A,0:00 - 0:00,TBA TBA
HUM 5	A01	083710	Zroka, Ryan Edward	50	LE,TuTh,14:00 - 16:50,WLH 2207|FI,2022-07-30,15:00 - 17:59,WLH 2207|DI,TuTh,17:00 - 17:50,WLH 2207
HUM 5	B01	083712	West, Geoffrey Scott	50	LE,MTuWTh,9:30 - 10:50,RWAC 0121|FI,2022-07-29,8:00 - 10:59,RWAC 0121|OT,2022-07-20,18:00 - 20:50,RWAC 0121|DI,TuTh,11:00 - 11:50,RWAC 0121
INTL 190	A00	083713	Gagnon, Jeffrey C	0	SE,TuTh,11:00 - 13:50,RBC 3203
INTL 190	B00	083714	Segui, Alan S	0	SE,TuTh,14:00 - 16:50,RBC 3203
JAPN 20A	A01	083168	Ross, Kayoko F	30	LE,MTuWTh,15:30 - 16:50,RCLAS R02|FI,2022-07-30,19:00 - 21:59,RCLAS R02|TU,MTuWTh,17:00 - 18:20,RCLAS R09
LATI 50	A01	083170	Martin-Cabrera, Luis	30	LE,TuTh,11:00 - 13:50,RCLAS R02|FI,2022-07-30,11:30 - 14:29,RCLAS R06|DI,W,11:00 - 12:50,RCLAS R08
LATI 50	A02	083171	Martin-Cabrera, Luis	30	LE,TuTh,11:00 - 13:50,RCLAS R02|FI,2022-07-30,11:30 - 14:29,RCLAS R06|DI,W,14:00 - 15:50,RCLAS R100
LATI 50	A03	093063	Martin-Cabrera, Luis	30	LE,TuTh,11:00 - 13:50,RCLAS R02|FI,2022-07-30,11:30 - 14:29,RCLAS R06|DI,Th,14:00 - 15:50,RCLAS R20
LIFR 1A	A00	083715	El Bekraoui, Lalla Naima & Van Moer, Vinciane G	20	TU,MTuWTh,11:00 - 12:20,RCLAS R100
LIFR 1AX	A00	083716	El Bekraoui, Lalla Naima & Van Moer, Vinciane G	20	DI,MTuWTh,12:30 - 13:50,RCLAS R105|FI,2022-07-29,11:30 - 14:29,RCLAS R08
LIFR 1B	B00	095501	Akoubi, Sofiane & Van Moer, Vinciane G	20	TU,MTuWTh,11:00 - 12:20,RCLAS R118
LIFR 1BX	B00	095502	Van Moer, Vinciane G	20	DI,MTuWTh,12:30 - 13:50,RCLAS R118|FI,2022-07-29,11:30 - 14:29,RCLAS R107
LIGN 9GS	A00	083172	Lott, Margaret S.	20	LE,N/A,0:00 - 0:00,TBA TBA|OT,N/A,0:00 - 0:00,TBA TBA
LIGN 143	A00	083725	Rodriguez, Alejandro	30	LE,TuTh,14:00 - 16:50,CENTR 218|FI,2022-07-30,15:00 - 17:59,CENTR 218
LIGN 149GS	A00	083174	Lott, Margaret S.	20	LE,N/A,0:00 - 0:00,TBA TBA|OT,N/A,0:00 - 0:00,TBA TBA
LISP 1D	A00	083719	Godoy, Samuel & Munoz Sanchez, Alicia	15	TU,MW,11:00 - 13:50,MCGIL 2315
LISP 1D	B00	083720	Declet Perez, Mariela & Munoz Sanchez, Alicia	15	TU,MW,11:00 - 13:50,RCLAS R106
LISP 1D	C00	083721	Rosas, Leonardo & Munoz Sanchez, Alicia	15	TU,MW,14:00 - 16:50,RCLAS R105
LISP 1D	D00	083722	Sianez Jr, Lorenzo Maximiano & Munoz Sanchez, Alicia	15	TU,MW,17:00 - 19:50,RCLAS R101
LISP 1DX	A00	083723	Rodriguez, Alejandro & Munoz Sanchez, Alicia	30	DI,TuTh,11:00 - 13:50,RCLAS R21|FI,2022-07-30,11:30 - 14:29,RCLAS R21
LISP 1DX	B00	083724	Rubio Martinez, Antonio & Munoz Sanchez, Alicia	30	DI,TuTh,14:00 - 16:50,RCLAS R107|FI,2022-07-30,15:00 - 17:59,RCLAS R04
LTAF 120GS	A00	091631	Cancel, Robert	20	LE,N/A,0:00 - 0:00,TBA TBA
LTEA 132	A00	083178	Welch, Shannon Molly	40	LE,MW,14:00 - 16:50,RCLAS R05|FI,2022-07-29,15:00 - 17:59,RCLAS R07
LTEN 130GS	A00	083337	Lyon, Antony J.	20	LE,N/A,0:00 - 0:00,TBA TBA|OT,N/A,0:00 - 0:00,TBA TBA
LTEN 148	A00	083726	Paulson, Heather Nicole	25	LE,M,11:00 - 13:50,WLH 2114|LE,W,11:00 - 13:50,RCLAS R32|FI,2022-07-29,11:30 - 14:29,WLH 2114
LTEN 149	A00	083727	Khoury, Celine Joana	25	LE,TuTh,11:00 - 13:50,RCLAS R102|FI,2022-07-30,11:30 - 14:29,RCLAS R09
LTEN 159	A00	083179	Murray, Katherine Chelsea	25	LE,TuTh,8:00 - 10:50,RCLAS R04|FI,2022-07-30,8:00 - 10:59,RCLAS R10
LTEN 171	A00	083180	Cuong, Marisol	25	LE,MW,8:00 - 10:50,RCLAS R07|FI,2022-07-29,8:00 - 10:59,RCLAS R08
LTEN 181	A00	083728	Beardsley, Steven Thomas	40	LE,TuTh,17:00 - 19:50,SOLIS 109|FI,2022-07-30,19:00 - 21:59,SOLIS 109
LTEN 299	001	095605	Loose, Margaret	9999	IN,N/A,0:00 - 0:00,TBA TBA
LTWL 116	A00	083729	Doermann, Hannah Friederike	25	LE,TuTh,8:00 - 10:50,CENTR 203|FI,2022-07-30,8:00 - 10:59,CENTR 203
LTWL 180GS	A00	083184	Cancel, Robert	20	LE,N/A,0:00 - 0:00,TBA TBA
LTWR 106	A00	083185	Spect, Lucien Ephraim Lily	23	SE,MW,17:00 - 19:50,RCLAS R02
LTWR 126	A00	083186	Kini, Aditi Natasha	23	SE,MW,11:00 - 13:50,RCLAS R09
MAE 11	A00	083783	Bahadori, Mohammad Yousef	100	LE,TuTh,14:00 - 16:50,CENTR 113|LE,F,14:00 - 15:50,CENTR 109|FI,2022-07-30,15:00 - 17:59,CENTR 105
MAE 20	A00	083784	Evdokimenko, Ekaterina	70	LE,MTuWTh,9:30 - 10:50,RCLAS R107|LE,M,11:00 - 12:50,RCLAS R08|FI,2022-07-29,8:00 - 10:59,RCLAS R107
MAE 101A	A00	083785	Bahadori, Mohammad Yousef	100	LE,F,16:00 - 17:50,CENTR 109|LE,TuTh,18:00 - 20:50,CENTR 214|FI,2022-07-30,19:00 - 21:59,CENTR 109
MAE 104	A00	083787	Bilgin, Eylul	70	LE,MTuWTh,11:00 - 12:20,RCLAS R116|LE,F,13:00 - 14:50,RCLAS R116|FI,2022-07-30,11:30 - 14:29,RCLAS R116
MAE 105	A00	083788	Bandaru, Prabhakar	50	LE,F,12:00 - 13:50,WLH 2207|LE,MW,18:00 - 20:50,WLH 2207|FI,2022-07-30,19:00 - 21:59,WLH 2207
MAE 143A	A00	083790	Bewley, Thomas R	100	LE,TuTh,8:00 - 10:50,CSB 001|LE,W,9:00 - 10:50,CSB 001|FI,2022-07-30,8:00 - 10:59,CSB 001
MAE 150	A00	083791	Orosco, Jeremy Richard	70	LE,TuTh,10:00 - 10:50,WLH 2204|LE,MW,11:00 - 13:50,WLH 2204|FI,2022-07-29,11:30 - 14:29,WLH 2204
MATH 10A	A01	083735	Patchell, Gregory David	30	LE,MTuWTh,9:30 - 10:50,SOLIS 104|FI,2022-07-29,8:00 - 10:59,SOLIS 104|DI,TuTh,11:00 - 11:50,SOLIS 109
MATH 10A	A02	083736	Patchell, Gregory David	30	LE,MTuWTh,9:30 - 10:50,SOLIS 104|FI,2022-07-29,8:00 - 10:59,SOLIS 104|DI,TuTh,12:00 - 12:50,SOLIS 109
MATH 10A	A03	083737	Patchell, Gregory David	30	LE,MTuWTh,9:30 - 10:50,SOLIS 104|FI,2022-07-29,8:00 - 10:59,SOLIS 104|DI,TuTh,13:00 - 13:50,SOLIS 109
MATH 10B	A01	083207	Lim, Seonhee	34	LE,MWF,11:00 - 12:50,RCLAS R25|FI,2022-07-30,11:30 - 14:29,RCLAS R01|DI,TuTh,12:00 - 12:50,RCLAS R17
MATH 10B	A02	083208	Lim, Seonhee	35	LE,MWF,11:00 - 12:50,RCLAS R25|FI,2022-07-30,11:30 - 14:29,RCLAS R01|DI,TuTh,13:00 - 13:50,RCLAS R25
MATH 10B	A03	093472	Lim, Seonhee	34	LE,MWF,11:00 - 12:50,RCLAS R25|FI,2022-07-30,11:30 - 14:29,RCLAS R01|DI,TuTh,14:00 - 14:50,RCLAS R150
MATH 10B	B01	083739	Sinha, Shubham	30	LE,TuTh,14:00 - 16:50,PETER 102|FI,2022-07-30,15:00 - 17:59,PETER 102|DI,WF,14:00 - 14:50,APM 2301
MATH 18	A01	083743	Cinel, Cameron Alexander	30	LE,MTuWTh,8:00 - 9:20,CENTR 214|FI,2022-07-29,8:00 - 10:59,CENTR 214|LA,N/A,0:00 - 0:00,TBA TBA|DI,TuTh,10:00 - 10:50,APM 2301
MATH 18	A02	083744	Cinel, Cameron Alexander	30	LE,MTuWTh,8:00 - 9:20,CENTR 214|FI,2022-07-29,8:00 - 10:59,CENTR 214|LA,N/A,0:00 - 0:00,TBA TBA|DI,TuTh,11:00 - 11:50,APM 2301
MATH 18	A03	083745	Cinel, Cameron Alexander	30	LE,MTuWTh,8:00 - 9:20,CENTR 214|FI,2022-07-29,8:00 - 10:59,CENTR 214|LA,N/A,0:00 - 0:00,TBA TBA|DI,TuTh,10:00 - 10:50,SEQUO 148
MATH 18	B01	083748	Rideout, David Porter	37	LE,MTuWTh,12:30 - 13:50,RCLAS R100|FI,2022-07-29,11:30 - 14:29,RCLAS R03|LA,N/A,0:00 - 0:00,TBA TBA|DI,TuTh,14:00 - 14:50,RCLAS R05
MATH 18	B02	083749	Rideout, David Porter	36	LE,MTuWTh,12:30 - 13:50,RCLAS R100|FI,2022-07-29,11:30 - 14:29,RCLAS R03|LA,N/A,0:00 - 0:00,TBA TBA|DI,TuTh,15:00 - 15:50,RCLAS R05
MATH 18	B03	083750	Rideout, David Porter	37	LE,MTuWTh,12:30 - 13:50,RCLAS R100|FI,2022-07-29,11:30 - 14:29,RCLAS R03|LA,N/A,0:00 - 0:00,TBA TBA|DI,TuTh,16:00 - 16:50,RCLAS R05
MATH 18	B04	083751	Rideout, David Porter	36	LE,MTuWTh,12:30 - 13:50,RCLAS R100|FI,2022-07-29,11:30 - 14:29,RCLAS R03|LA,N/A,0:00 - 0:00,TBA TBA|DI,TuTh,17:00 - 17:50,RCLAS R100
MATH 18	B05	093473	Rideout, David Porter	36	LE,MTuWTh,12:30 - 13:50,RCLAS R100|FI,2022-07-29,11:30 - 14:29,RCLAS R03|LA,N/A,0:00 - 0:00,TBA TBA|DI,TuTh,14:00 - 14:50,RCLAS R151
MATH 18	B06	093474	Rideout, David Porter	36	LE,MTuWTh,12:30 - 13:50,RCLAS R100|FI,2022-07-29,11:30 - 14:29,RCLAS R03|LA,N/A,0:00 - 0:00,TBA TBA|DI,TuTh,15:00 - 15:50,RCLAS R150
MATH 20A	A01	083754	Zheng, Zequn	40	LE,TuTh,14:00 - 16:50,WLH 2113|FI,2022-07-30,15:00 - 17:59,WLH 2113|DI,W,14:00 - 15:50,WLH 2113
MATH 20B	A01	083756	Briones, Jor-el Thomas Caparas	36	LE,MW,11:00 - 13:50,RCLAS R113|FI,2022-07-29,11:30 - 14:29,RCLAS R105|DI,TuTh,11:00 - 11:50,RCLAS R106
MATH 20B	A02	083757	Briones, Jor-el Thomas Caparas	36	LE,MW,11:00 - 13:50,RCLAS R113|FI,2022-07-29,11:30 - 14:29,RCLAS R105|DI,TuTh,12:00 - 12:50,RCLAS R111
MATH 20B	A03	093475	Briones, Jor-el Thomas Caparas	36	LE,MW,11:00 - 13:50,RCLAS R113|FI,2022-07-29,11:30 - 14:29,RCLAS R105|DI,TuTh,13:00 - 13:50,RCLAS R150
MATH 20C	A01	083760	Briones, Jor-el Thomas Caparas	35	LE,TuTh,11:00 - 13:50,RCLAS R112|FI,2022-07-30,11:30 - 14:29,RCLAS R102|DI,W,10:00 - 11:50,RCLAS R110
MATH 20C	A02	083761	Briones, Jor-el Thomas Caparas	35	LE,TuTh,11:00 - 13:50,RCLAS R112|FI,2022-07-30,11:30 - 14:29,RCLAS R102|DI,W,12:00 - 13:50,RCLAS R114
MATH 20C	A03	093476	Briones, Jor-el Thomas Caparas	36	LE,TuTh,11:00 - 13:50,RCLAS R112|FI,2022-07-30,11:30 - 14:29,RCLAS R102|DI,W,11:00 - 12:50,RCLAS R150
MATH 20C	B01	083762	Bach, Quang Tran	30	LE,MTuWTh,9:30 - 10:50,MOS 0204|FI,2022-07-29,8:00 - 10:59,MOS 0204|DI,TuTh,12:00 - 12:50,APM 2301
MATH 20D	A01	083765	Tran, Brian Kha	30	LE,TuTh,17:00 - 19:50,SOLIS 104|FI,2022-07-30,19:00 - 21:59,SOLIS 104|PB,2022-06-28,15:00 - 16:20,SOLIS 104|PB,2022-07-05,15:00 - 16:20,SOLIS 104|PB,2022-07-12,15:00 - 16:20,SOLIS 104|PB,2022-07-19,15:00 - 16:20,SOLIS 104|PB,2022-07-26,15:00 - 16:20,SOLIS 104|LA,N/A,0:00 - 0:00,TBA TBA|DI,WF,17:00 - 17:50,CENTR 217B
MATH 20D	A02	083766	Tran, Brian Kha	30	LE,TuTh,17:00 - 19:50,SOLIS 104|FI,2022-07-30,19:00 - 21:59,SOLIS 104|PB,2022-06-28,15:00 - 16:20,SOLIS 104|PB,2022-07-05,15:00 - 16:20,SOLIS 104|PB,2022-07-12,15:00 - 16:20,SOLIS 104|PB,2022-07-19,15:00 - 16:20,SOLIS 104|PB,2022-07-26,15:00 - 16:20,SOLIS 104|LA,N/A,0:00 - 0:00,TBA TBA|DI,WF,18:00 - 18:50,CENTR 217B
MATH 20D	A03	083767	Tran, Brian Kha	30	LE,TuTh,17:00 - 19:50,SOLIS 104|FI,2022-07-30,19:00 - 21:59,SOLIS 104|PB,2022-06-28,15:00 - 16:20,SOLIS 104|PB,2022-07-05,15:00 - 16:20,SOLIS 104|PB,2022-07-12,15:00 - 16:20,SOLIS 104|PB,2022-07-19,15:00 - 16:20,SOLIS 104|PB,2022-07-26,15:00 - 16:20,SOLIS 104|LA,N/A,0:00 - 0:00,TBA TBA|DI,WF,19:00 - 19:50,CENTR 217B
MATH 20E	A01	083771	Ganguly, Soumya	32	LE,TuTh,8:00 - 10:50,PETER 102|FI,2022-07-30,8:00 - 10:59,PETER 102|DI,W,8:00 - 9:50,APM 2301
MATH 20E	A02	083772	Ganguly, Soumya	32	LE,TuTh,8:00 - 10:50,PETER 102|FI,2022-07-30,8:00 - 10:59,PETER 102|DI,W,10:00 - 11:50,APM 2301
MATH 20E	B01	083773	Ciotti, Benjamin	35	LE,MTuWTh,12:30 - 13:50,MOS 0204|FI,2022-07-29,11:30 - 14:29,MOS 0204|DI,TuTh,14:00 - 14:50,WLH 2114
MATH 20E	B02	083774	Ciotti, Benjamin	35	LE,MTuWTh,12:30 - 13:50,MOS 0204|FI,2022-07-29,11:30 - 14:29,MOS 0204|DI,TuTh,15:00 - 15:50,WLH 2114
MATH 103A	A01	083777	Greenfeld, Be'Eri	36	LE,MWF,10:00 - 11:50,RCLAS R33|FI,2022-07-30,11:30 - 14:29,RCLAS R02|DI,TuTh,10:00 - 10:50,WLH 2114
MATH 103A	A02	083778	Greenfeld, Be'Eri	36	LE,MWF,10:00 - 11:50,RCLAS R33|FI,2022-07-30,11:30 - 14:29,RCLAS R02|DI,TuTh,11:00 - 11:50,WLH 2114
MATH 103A	A03	093561	Greenfeld, Be'Eri	36	LE,MWF,10:00 - 11:50,RCLAS R33|FI,2022-07-30,11:30 - 14:29,RCLAS R02|DI,TuTh,12:00 - 12:50,APM 2402
MATH 103A	B01	083779	Greenfeld, Be'Eri	36	LE,MWF,13:00 - 14:50,RCLAS R29|FI,2022-07-30,15:00 - 17:59,RCLAS R01|DI,TuTh,13:00 - 13:50,WLH 2115
MATH 103A	B02	083780	Greenfeld, Be'Eri	36	LE,MWF,13:00 - 14:50,RCLAS R29|FI,2022-07-30,15:00 - 17:59,RCLAS R01|DI,TuTh,14:00 - 14:50,WLH 2115
MATH 103A	B03	093562	Greenfeld, Be'Eri	36	LE,MWF,13:00 - 14:50,RCLAS R29|FI,2022-07-30,15:00 - 17:59,RCLAS R01|DI,TuTh,15:00 - 15:50,APM 2402
MATH 105	A01	085443	Carter, Anne Toulson	35	LE,MTuWTh,8:00 - 9:20,RCLAS R19|FI,2022-07-29,8:00 - 10:59,RCLAS R04|DI,TuTh,10:00 - 10:50,RCLAS R16
MATH 105	A02	093477	Carter, Anne Toulson	35	LE,MTuWTh,8:00 - 9:20,RCLAS R19|FI,2022-07-29,8:00 - 10:59,RCLAS R04|DI,TuTh,11:00 - 11:50,RCLAS R150
MATH 109	A01	083213	Ganzberger, Geoffrey Michael	34	LE,MW,8:00 - 10:50,RCLAS R17|FI,2022-07-29,8:00 - 10:59,RCLAS R06|DI,TuTh,8:00 - 8:50,RCLAS R11
MATH 109	A02	083214	Ganzberger, Geoffrey Michael	34	LE,MW,8:00 - 10:50,RCLAS R17|FI,2022-07-29,8:00 - 10:59,RCLAS R06|DI,TuTh,9:00 - 9:50,RCLAS R12
MATH 109	A03	093478	Ganzberger, Geoffrey Michael	34	LE,MW,8:00 - 10:50,RCLAS R17|FI,2022-07-29,8:00 - 10:59,RCLAS R06|DI,TuTh,10:00 - 10:50,RCLAS R150
MATH 109	B01	083215	Ganzberger, Geoffrey Michael	32	LE,TuTh,8:00 - 10:50,RCLAS R10|FI,2022-07-30,8:00 - 10:59,RCLAS R03|DI,WF,8:00 - 8:50,RCLAS R02
MATH 109	B02	083216	Ganzberger, Geoffrey Michael	32	LE,TuTh,8:00 - 10:50,RCLAS R10|FI,2022-07-30,8:00 - 10:59,RCLAS R03|DI,WF,9:00 - 9:50,RCLAS R03
MATH 109	B03	093479	Ganzberger, Geoffrey Michael	32	LE,TuTh,8:00 - 10:50,RCLAS R10|FI,2022-07-30,8:00 - 10:59,RCLAS R03|DI,WF,10:00 - 10:50,RCLAS R150
MATH 142A	A01	083219	Chow, Bennett	32	LE,MTuWTh,14:00 - 15:20,RCLAS R01|FI,2022-07-29,15:00 - 17:59,RCLAS R03|DI,TuTh,16:00 - 16:50,RCLAS R13
MATH 142A	A02	083220	Chow, Bennett	32	LE,MTuWTh,14:00 - 15:20,RCLAS R01|FI,2022-07-29,15:00 - 17:59,RCLAS R03|DI,TuTh,17:00 - 17:50,RCLAS R08
MATH 142A	A03	093480	Chow, Bennett	32	LE,MTuWTh,14:00 - 15:20,RCLAS R01|FI,2022-07-29,15:00 - 17:59,RCLAS R03|DI,TuTh,18:00 - 18:50,RCLAS R150
MATH 142A	B03	093481	Chow, Bennett	32	LE,MTuWTh,17:00 - 18:20,RCLAS R06|FI,2022-07-30,19:00 - 21:59,RCLAS R01|DI,F,17:00 - 18:50,RCLAS R150
MATH 142A	B04	093558	Chow, Bennett	32	LE,MTuWTh,17:00 - 18:20,RCLAS R06|FI,2022-07-30,19:00 - 21:59,RCLAS R01|DI,F,16:00 - 17:50,RCLAS R151
MATH 142A	B05	093559	Chow, Bennett	32	LE,MTuWTh,17:00 - 18:20,RCLAS R06|FI,2022-07-30,19:00 - 21:59,RCLAS R01|DI,F,17:00 - 18:50,RCLAS R152
MATH 193A	A01	083224	Rotar, Vladimir	34	LE,MWF,13:30 - 15:20,RCLAS R14|FI,2022-07-30,15:00 - 17:59,RCLAS R02|DI,TuTh,13:00 - 13:50,RCLAS R17
MATH 193A	A02	083225	Rotar, Vladimir	34	LE,MWF,13:30 - 15:20,RCLAS R14|FI,2022-07-30,15:00 - 17:59,RCLAS R02|DI,TuTh,14:00 - 14:50,RCLAS R18
MATH 193A	A03	083781	Rotar, Vladimir	34	LE,MWF,13:30 - 15:20,RCLAS R14|FI,2022-07-30,15:00 - 17:59,RCLAS R02|DI,TuTh,13:00 - 13:50,SEQUO 148
MATH 193A	A04	083782	Rotar, Vladimir	34	LE,MWF,13:30 - 15:20,RCLAS R14|FI,2022-07-30,15:00 - 17:59,RCLAS R02|DI,TuTh,14:00 - 14:50,SEQUO 148
MATH 193A	A05	093482	Rotar, Vladimir	34	LE,MWF,13:30 - 15:20,RCLAS R14|FI,2022-07-30,15:00 - 17:59,RCLAS R02|DI,TuTh,15:00 - 15:50,RCLAS R151
MATH 197	001	091859	McAuley, Julian John	9999	IT,N/A,0:00 - 0:00,TBA TBA
MATH 197	002	095566	Kedlaya, Kiran S.	9999	IT,N/A,0:00 - 0:00,TBA TBA
MATH 197	003	095567	Xiao, Ming	9999	IT,N/A,0:00 - 0:00,TBA TBA
MATH 197	004	095571	Perols, Johan Lars	9999	IT,N/A,0:00 - 0:00,TBA TBA
MED 199	001	096497	Corey-Bloom, Jody P	9999	IN,N/A,0:00 - 0:00,TBA TBA
MGT 5	A00	083792	Houskeeper, Robert	90	LE,TuTh,8:00 - 10:50,WFH 1N108|FI,2022-07-30,8:00 - 10:59,WFH 1N108
MGT 16	A00	083793	McKay, Michael J	90	LE,TuTh,8:00 - 10:50,OTRSN 1S113|FI,2022-07-30,8:00 - 10:59,OTRSN 1S113
MGT 18	A00	083794	McKay, Michael J	90	LE,MW,8:00 - 10:50,OTRSN 1S113|FI,2022-07-29,8:00 - 10:59,OTRSN 1S113
MGT 45	A00	083795	Pecore, Joseph P.	90	LE,TuTh,11:00 - 13:50,OTRSN 1S114|FI,2022-07-30,11:30 - 14:29,OTRSN 1S114
MGT 103	A00	083796	Eberhard, Craig A	90	LE,MW,8:00 - 10:50,RCLAS R102|FI,2022-07-29,8:00 - 10:59,RCLAS R102
MGT 131A	A00	083797	Houskeeper, Robert	90	LE,TuTh,11:00 - 13:50,WFH 1N108|FI,2022-07-30,11:30 - 14:29,WFH 1N108
MGT 132	A00	083798	Anderson, John Charles	90	LE,MW,11:00 - 13:50,RCLAS R112|FI,2022-07-29,11:30 - 14:29,RCLAS R102
MGT 135	A00	083799	Anderson, John Charles	90	LE,TuTh,11:00 - 13:50,RCLAS R110|FI,2022-07-30,11:30 - 14:29,RCLAS R101
MGT 153	A00	083800	Yavorsky, Daniel Ryan	90	LE,WF,11:00 - 13:50,RCLAS R104|FI,2022-07-30,11:30 - 14:29,RCLAS R105
MGT 164	A00	083801	McKay, Mary A	90	LE,MW,8:00 - 10:50,OTRSN 1S114|FI,2022-07-29,8:00 - 10:59,OTRSN 1S114
MGT 172	A00	083802	Hedges, Kathleen	90	LE,TuTh,17:00 - 19:50,RCLAS R02|FI,2022-07-30,19:00 - 21:59,RCLAS R08
MGT 181	A00	091964	Dunn, Louis Jean	90	LE,TuTh,17:00 - 19:50,RCLAS R106|FI,2022-07-30,19:00 - 21:59,RCLAS R10
MGT 199	001	096463	Dunn, Louis Jean	9999	IN,N/A,0:00 - 0:00,TBA TBA
MGT 429	A00	083803	Sadler, Blair L.	35	LE,Th,18:30 - 21:20,OTRSN 1E107
MGT 439	A00	083804	Salovey, Todd	20	LE,,11:30 - 17:30,OTRSN 1E107
MGT 459	A00	083805	Sankey, Darius	70	LE,Tu,18:30 - 21:20,OTRSN 1E107|FI,2022-07-30,19:00 - 21:59,OTRSN 1E107
MGT 499	001	096465	Nijs, Vincent R.	0	IN,N/A,0:00 - 0:00,TBA TBA
MMW 14	A01	083192	Adamiak, Patrick John	30	LE,N/A,0:00 - 0:00,TBA TBA|DI,N/A,0:00 - 0:00,TBA TBA
MMW 14	A02	083193	Adamiak, Patrick John	30	LE,N/A,0:00 - 0:00,TBA TBA|DI,N/A,0:00 - 0:00,TBA TBA
MMW 14	A03	083194	Adamiak, Patrick John	30	LE,N/A,0:00 - 0:00,TBA TBA|DI,N/A,0:00 - 0:00,TBA TBA
MMW 14	A04	083195	Adamiak, Patrick John	30	LE,N/A,0:00 - 0:00,TBA TBA|DI,N/A,0:00 - 0:00,TBA TBA
MMW 14	B01	083196	Tchir, Paul Kost Nikolai	30	LE,N/A,0:00 - 0:00,TBA TBA|DI,N/A,0:00 - 0:00,TBA TBA
MMW 14	B02	083197	Tchir, Paul Kost Nikolai	30	LE,N/A,0:00 - 0:00,TBA TBA|DI,N/A,0:00 - 0:00,TBA TBA
MMW 14	B03	083198	Tchir, Paul Kost Nikolai	30	LE,N/A,0:00 - 0:00,TBA TBA|DI,N/A,0:00 - 0:00,TBA TBA
MMW 14	B04	083199	Tchir, Paul Kost Nikolai	30	LE,N/A,0:00 - 0:00,TBA TBA|DI,N/A,0:00 - 0:00,TBA TBA
MMW 14	C01	083200	Palhegyi, Joel David	30	LE,N/A,0:00 - 0:00,TBA TBA|DI,N/A,0:00 - 0:00,TBA TBA
MMW 14	C02	083201	Palhegyi, Joel David	30	LE,N/A,0:00 - 0:00,TBA TBA|DI,N/A,0:00 - 0:00,TBA TBA
MMW 14	C03	083202	Palhegyi, Joel David	30	LE,N/A,0:00 - 0:00,TBA TBA|DI,N/A,0:00 - 0:00,TBA TBA
MMW 14	C04	083203	Palhegyi, Joel David	30	LE,N/A,0:00 - 0:00,TBA TBA|DI,N/A,0:00 - 0:00,TBA TBA
MMW 14GS	A00	083204	Herbst, Matthew	0	LE,N/A,0:00 - 0:00,TBA TBA
MMW 121	A01	083731	Patterson, Patrick H.	30	LE,MW,11:00 - 13:50,SOLIS 104|FI,2022-07-29,11:30 - 14:29,SOLIS 104|DI,MW,15:00 - 15:50,CENTR 207
MMW 121	A02	083732	Patterson, Patrick H.	30	LE,MW,11:00 - 13:50,SOLIS 104|FI,2022-07-29,11:30 - 14:29,SOLIS 104|DI,MW,16:00 - 16:50,CENTR 207
MMW 121	A03	083733	Patterson, Patrick H.	0	LE,MW,11:00 - 13:50,SOLIS 104|FI,2022-07-29,11:30 - 14:29,SOLIS 104|DI,MW,17:00 - 17:50,CENTR 207
MUS 1A	A01	083227	Ishov, Alexander Alexandrovich	75	LE,MW,11:00 - 13:50,RCLAS R109|FI,2022-07-29,11:30 - 14:29,RCLAS R109|LA,MW,14:00 - 14:50,RCLAS R11
MUS 4	A01	083229	Schneider, Berk Waldemar	50	LE,TuTh,11:00 - 13:50,RCLAS R18|FI,2022-07-30,11:30 - 14:29,RCLAS R18|LA,TuTh,14:00 - 14:50,RCLAS R15
MUS 5	A01	083231	Dubnov, Shlomo	50	LE,MW,14:00 - 16:50,RCLAS R25|FI,2022-07-29,15:00 - 17:59,RCLAS R02|LA,MW,17:00 - 17:50,RCLAS R07
MUS 6	A01	083233	Diaz De Cossio, Teresa Sanchez	50	LE,TuTh,14:00 - 16:50,RCLAS R14|FI,2022-07-30,15:00 - 17:59,RCLAS R14|DI,TuTh,17:00 - 17:50,RCLAS R10
MUS 7	A01	083235	Liu, Anqi	50	LE,MW,11:00 - 13:50,RCLAS R24|FI,2022-07-29,11:30 - 14:29,RCLAS R24|DI,MW,14:00 - 14:50,RCLAS R27
MUS 8GS	A00	083236	Borgo, David Garcia	0	SE,TuTh,11:00 - 13:50, |OT,TuTh,14:00 - 14:50, 
MUS 15	B01	083239	Schulmeister, Kathryn Crandall	75	LE,MW,14:00 - 16:50,RCLAS R28|FI,2022-07-29,15:00 - 17:59,RCLAS R28|DI,MW,17:00 - 17:50,RCLAS R01
MUS 80	A00	083240	Khorassani, Nasim	26	SE,TuTh,14:00 - 16:50,RCLAS R110|FI,2022-07-30,15:00 - 17:59,RCLAS R110
MUS 150GS	A01	083242	Borgo, David Garcia	0	LE,MW,11:00 - 13:50, |OT,MW,14:00 - 14:50, 
NANO 199	001	095961	Grassian, Vicki Helene	9999	IN,N/A,0:00 - 0:00,TBA TBA
PHIL 1	A00	083243	Greely, Nathaniel Atholl	40	LE,MW,11:00 - 13:50,RCLAS R10|FI,2022-07-29,11:30 - 14:29,RCLAS R10
PHIL 10	A01	083245	Zellmer, Jacob Andrew	40	LE,MW,11:00 - 13:50,RCLAS R12|FI,2022-07-29,11:30 - 14:29,RCLAS R12|DI,MW,15:00 - 15:50,RCLAS R03
PHIL 10	A02	083246	Zellmer, Jacob Andrew	40	LE,MW,11:00 - 13:50,RCLAS R12|FI,2022-07-29,11:30 - 14:29,RCLAS R12|DI,MW,9:00 - 9:50,RCLAS R04
PHIL 13	A01	083248	Greely, Nathaniel Atholl	30	LE,TuTh,11:00 - 13:50,RCLAS R07|FI,2022-07-30,11:30 - 14:29,RCLAS R07|DI,TuTh,10:00 - 10:50,RCLAS R13
PHIL 13	A02	083249	Greely, Nathaniel Atholl	30	LE,TuTh,11:00 - 13:50,RCLAS R07|FI,2022-07-30,11:30 - 14:29,RCLAS R07|DI,MW,10:00 - 10:50,RCLAS R04
PHIL 27	A01	083807	Tonissen, Bas Ben Martien	35	LE,MW,17:00 - 19:50,CSB 001|FI,2022-07-29,19:00 - 21:59,CSB 001|DI,MW,15:00 - 15:50,SEQUO 148
PHIL 27	A02	083808	Tonissen, Bas Ben Martien	35	LE,MW,17:00 - 19:50,CSB 001|FI,2022-07-29,19:00 - 21:59,CSB 001|DI,TuTh,10:00 - 10:50,SEQUO 147
PHIL 32	A01	083251	Edwards, Maximilian Victor	20	LE,MW,14:00 - 16:50,RCLAS R17|FI,2022-07-29,15:00 - 17:59,RCLAS R17|DI,MW,11:00 - 11:50,RCLAS R13
PHIL 32	A02	083252	Edwards, Maximilian Victor	20	LE,MW,14:00 - 16:50,RCLAS R17|FI,2022-07-29,15:00 - 17:59,RCLAS R17|DI,TuTh,13:00 - 13:50,RCLAS R14
PHIL 120	A00	083809	Shahmoradi, Ayoob	25	LE,TuTh,11:00 - 13:50,SEQUO 147|FI,2022-07-30,11:30 - 14:29,SEQUO 147
PHIL 131	A00	083810	Martinez, Joseph D	40	LE,MW,14:00 - 16:50,RWAC 0472|FI,2022-07-29,15:00 - 17:59,RWAC 0472
PHIL 136	A00	083811	Cohen, Jonathan David	40	LE,TuTh,14:00 - 16:50,RWAC 0426|FI,2022-07-30,15:00 - 17:59,RWAC 0426
PHIL 137	A00	083254	Wiggleton-Little, Jada Simone	40	LE,MW,17:00 - 19:50,RCLAS R04|FI,2022-07-29,19:00 - 21:59,RCLAS R04
PHIL 145	A00	083812	Vagnino, Richard	20	LE,MW,11:00 - 13:50,SOLIS 109|FI,2022-07-29,11:30 - 14:29,SOLIS 109
PHYS 1A	A00	083814	Ito, Jennifer Chiemi	240	LE,MTuWTh,9:30 - 10:50,MOS 0113|FI,2022-07-29,8:00 - 10:59,MOS 0113|PB,2022-06-27,11:00 - 11:50,MOS 0113|PB,2022-06-28,11:00 - 11:50,MOS 0113|PB,2022-06-29,11:00 - 11:50,MOS 0113|PB,2022-06-30,11:00 - 11:50,MOS 0113|PB,2022-07-05,11:00 - 11:50,MOS 0113|PB,2022-07-06,11:00 - 11:50,MOS 0113|PB,2022-07-07,11:00 - 11:50,MOS 0113|PB,2022-07-11,11:00 - 11:50,MOS 0113|PB,2022-07-12,11:00 - 11:50,MOS 0113|PB,2022-07-13,11:00 - 11:50,MOS 0113|PB,2022-07-14,11:00 - 11:50,MOS 0113|PB,2022-07-18,11:00 - 11:50,MOS 0113|PB,2022-07-19,11:00 - 11:50,MOS 0113|PB,2022-07-20,11:00 - 11:50,MOS 0113|PB,2022-07-21,11:00 - 11:50,MOS 0113|PB,2022-07-25,11:00 - 11:50,MOS 0113|PB,2022-07-26,11:00 - 11:50,MOS 0113|PB,2022-07-27,11:00 - 11:50,MOS 0113|PB,2022-07-28,11:00 - 11:50,MOS 0113
PHYS 1AL	001	083815	Singh, Shruti	30	LA,TuTh,12:30 - 14:20,MAYER 2306
PHYS 1AL	002	083816	Singh, Shruti	30	LA,TuTh,14:30 - 16:20,MAYER 2306
PHYS 1AL	003	083817	Singh, Shruti	0	LA,N/A,0:00 - 0:00,TBA TBA
PHYS 1AL	004	083818	Singh, Shruti	0	LA,N/A,0:00 - 0:00,TBA TBA
PHYS 1AL	005	083819	Singh, Shruti	0	LA,N/A,0:00 - 0:00,TBA TBA
PHYS 1AL	006	083820	Singh, Shruti	0	LA,N/A,0:00 - 0:00,TBA TBA
PHYS 1AL	007	083821	Singh, Shruti	0	LA,N/A,0:00 - 0:00,TBA TBA
PHYS 1AL	008	083822	Singh, Shruti	0	LA,N/A,0:00 - 0:00,TBA TBA
PHYS 1B	A00	083823	Gilbert, Dylan Paul	196	LE,MTuWTh,9:30 - 10:50,CENTR 115|FI,2022-07-29,8:00 - 10:59,CENTR 119
PHYS 1BL	001	083824	Singh, Shruti	30	LA,TuTh,12:30 - 14:20,MAYER 2326
PHYS 1BL	002	083825	Singh, Shruti	30	LA,TuTh,14:30 - 16:20,MAYER 2326
PHYS 1BL	003	083826	Singh, Shruti	0	LA,N/A,0:00 - 0:00,TBA TBA
PHYS 1BL	004	083827	Singh, Shruti	0	LA,N/A,0:00 - 0:00,TBA TBA
PHYS 1BL	005	083828	Singh, Shruti	0	LA,N/A,0:00 - 0:00,TBA TBA
PHYS 1BL	006	083829	Singh, Shruti	0	LA,N/A,0:00 - 0:00,TBA TBA
PHYS 1BL	007	083830	Singh, Shruti	0	LA,N/A,0:00 - 0:00,TBA TBA
PHYS 1BL	008	083831	Singh, Shruti	0	LA,N/A,0:00 - 0:00,TBA TBA
PHYS 1C	A00	083832	Gonzales, Daniel Patrick	70	LE,MTuWTh,9:30 - 10:50,CENTR 214|FI,2022-07-29,8:00 - 10:59,CENTR 212
PHYS 1CL	001	083833	Singh, Shruti	30	LA,TuTh,12:30 - 14:20,MAYER 2130
PHYS 1CL	002	083834	Singh, Shruti	30	LA,TuTh,14:30 - 16:20,MAYER 2130
PHYS 1CL	003	083835	Singh, Shruti	0	LA,N/A,0:00 - 0:00,TBA TBA
PHYS 1CL	004	083836	Singh, Shruti	0	LA,N/A,0:00 - 0:00,TBA TBA
PHYS 1CL	005	083837	Singh, Shruti	0	LA,N/A,0:00 - 0:00,TBA TBA
PHYS 1CL	006	083838	Singh, Shruti	0	LA,N/A,0:00 - 0:00,TBA TBA
PHYS 1CL	007	083839	Singh, Shruti	0	LA,N/A,0:00 - 0:00,TBA TBA
PHYS 1CL	008	083840	Singh, Shruti	0	LA,N/A,0:00 - 0:00,TBA TBA
PHYS 2A	A01	083842	Meyertholen, Andrew D.	150	LE,MTuWTh,12:30 - 13:50,RCLAS R107|LE,Th,17:00 - 18:50,RCLAS R102|FI,2022-07-29,11:30 - 14:29,RCLAS R05|DI,Tu,17:00 - 18:50,RCLAS R102
PHYS 2B	A01	083844	Gilbert, Dylan Paul	115	LE,MTuWTh,8:00 - 9:20,CENTR 216|LE,Th,17:00 - 18:50,CENTR 216|FI,2022-07-29,8:00 - 10:59,CENTR 216|DI,Tu,17:00 - 18:50,CENTR 216
PHYS 2BL	A01	083846	Rappel, Wouter Jan	24	LE,MW,10:00 - 10:50,YORK 2622|LA,TuTh,10:00 - 12:50,MYR-A 2722
PHYS 2BL	A02	083847	Rappel, Wouter Jan	24	LE,MW,10:00 - 10:50,YORK 2622|LA,TuTh,13:00 - 15:50,MYR-A 2722
PHYS 2BL	A03	083848	Rappel, Wouter Jan	0	LE,MW,10:00 - 10:50,YORK 2622|LA,N/A,0:00 - 0:00,TBA TBA
PHYS 2BL	A04	083849	Rappel, Wouter Jan	0	LE,MW,10:00 - 10:50,YORK 2622|LA,N/A,0:00 - 0:00,TBA TBA
PHYS 2BL	A05	083850	Rappel, Wouter Jan	0	LE,MW,10:00 - 10:50,YORK 2622|LA,N/A,0:00 - 0:00,TBA TBA
PHYS 2BL	A06	083851	Rappel, Wouter Jan	0	LE,MW,10:00 - 10:50,YORK 2622|LA,N/A,0:00 - 0:00,TBA TBA
PHYS 2C	A01	083853	Karanam, Aravind Rao	37	LE,MTuWTh,12:30 - 13:50,CSB 002|LE,Th,17:00 - 18:50,CSB 002|FI,2022-07-29,11:30 - 14:29,CSB 002|PB,2022-06-30,14:00 - 14:50,CSB 002|PB,2022-07-07,14:00 - 14:50,CSB 002|PB,2022-07-14,14:00 - 14:50,CSB 002|PB,2022-07-21,14:00 - 14:50,CSB 002|PB,2022-07-28,14:00 - 14:50,CSB 002|DI,Tu,17:00 - 18:50,MYR-A 2702
PHYS 2C	A02	096569	Karanam, Aravind Rao	37	LE,MTuWTh,12:30 - 13:50,CSB 002|LE,Th,17:00 - 18:50,CSB 002|FI,2022-07-29,11:30 - 14:29,CSB 002|PB,2022-06-30,14:00 - 14:50,CSB 002|PB,2022-07-07,14:00 - 14:50,CSB 002|PB,2022-07-14,14:00 - 14:50,CSB 002|PB,2022-07-21,14:00 - 14:50,CSB 002|PB,2022-07-28,14:00 - 14:50,CSB 002|DI,Tu,17:00 - 18:50,MYR-A 2623
PHYS 4A	A01	083855	Grinstein, Benjamin	100	LE,MTuWTh,9:30 - 10:50,CENTR 109|LE,M,17:00 - 18:50,CENTR 113|FI,2022-07-29,8:00 - 10:59,PCYNH 122|DI,Tu,17:00 - 18:50,CENTR 113
POLI 12	A00	083255	Hoffman, Geoffrey Joseph	40	LE,MW,14:00 - 16:50,RCLAS R19|FI,2022-07-29,15:00 - 17:59,RCLAS R19
POLI 13R	A00	083256	Forman, Fonna	50	LE,MW,8:00 - 10:50,RCLAS R08
POLI 27	A01	083258	Draper, Matthew William	70	LE,MW,11:00 - 12:50,RCLAS R17|FI,2022-07-29,11:30 - 14:29,RCLAS R17|DI,MW,13:00 - 13:50,RCLAS R08
POLI 104A	A00	083857	Smith, Glenn Chatmas	50	LE,TuTh,11:00 - 13:50,CSB 005|FI,2022-07-30,11:30 - 14:29,CSB 005
POLI 104I	A00	083259	Draper, Matthew William	60	LE,MW,14:00 - 16:50,RCLAS R09|FI,2022-07-29,15:00 - 17:59,RCLAS R09
POLI 110B	A00	083260	Wiens, David	30	LE,TuTh,11:00 - 13:50,RCLAS R08|FI,2022-07-30,11:30 - 14:29,RCLAS R08
POLI 112A	A00	083261	Wiens, David	35	LE,TuTh,14:00 - 16:50,RCLAS R03|FI,2022-07-30,15:00 - 17:59,RCLAS R03
POLI 113A	A00	083858	Magagna, Victor Valentine	196	LE,MW,11:00 - 13:50,CENTR 119|FI,2022-07-29,11:30 - 14:29,CENTR 119
POLI 117R	A00	083262	Forman, Fonna	25	LE,TuTh,10:00 - 10:50,RCLAS R14|FI,2022-07-30,8:00 - 10:59,RCLAS R100
POLI 120N	A00	083859	Seese, Michael Francis	20	LE,TuTh,14:00 - 16:50,SSB 353|FI,2022-07-30,15:00 - 17:59,SSB 353
POLI 125B	A00	083860	Engelsma, Brian Wesley	25	LE,MW,14:00 - 16:50,RCLAS R116|FI,2022-07-29,15:00 - 17:59,RCLAS R01
POLI 125E	A00	083263	Gibson, Clark C	25	LE,TuTh,11:00 - 13:50,RCLAS R10|FI,2022-07-30,11:30 - 14:29,RCLAS R10
POLI 130	A00	083264	Fefer, Adam Brooks	60	LE,TuTh,11:00 - 13:50,RCLAS R12|FI,2022-07-30,11:30 - 14:29,RCLAS R12
POLI 142P	A00	083266	Timmins, Graham	45	LE,MW,11:00 - 13:50,RCLAS R18|FI,2022-07-29,11:30 - 14:29,RCLAS R18
POLI 144D	A00	083267	Bergman, Matthew Edward	35	LE,TuTh,8:00 - 10:50,RCLAS R05|FI,2022-07-30,8:00 - 10:59,RCLAS R05
POLI 151	A00	083268	Timmins, Graham	35	LE,TuTh,11:00 - 13:50,RCLAS R13|FI,2022-07-30,11:30 - 14:29,RCLAS R13
POLI 170A	A00	083862	Skillman, Rachel Diane	30	LA,TuTh,8:00 - 10:50,CENTR 201|FI,2022-07-30,8:00 - 10:59,CENTR 201
PSYC 1	A00	083864	Willis, Jarryd Thomas	80	LE,TuTh,11:00 - 13:50,CSB 001|FI,2022-07-30,11:30 - 14:29,CSB 001
PSYC 2	A00	083865	Moranton, Nirelia Melbina-	30	LE,TuTh,8:00 - 10:50,CENTR 222|FI,2022-07-30,8:00 - 10:59,CENTR 222
PSYC 3	A00	083866	Fine, Rachel	30	LE,TuTh,11:00 - 13:50,CENTR 207|FI,2022-07-30,11:30 - 14:29,CENTR 207
PSYC 60	A01	083868	Lowe, Angela Beth	40	LE,MTuWTh,12:30 - 13:50,MCGIL 1350|FI,2022-07-29,11:30 - 14:29,MCGIL 1350|DI,TuTh,14:00 - 14:50,MCGIL 1350
PSYC 70	A01	083870	Geller, Emma Harlan	45	LE,MTuWTh,9:30 - 10:50,MCGIL 1350|FI,2022-07-29,8:00 - 10:59,MCGIL 1350|DI,TuTh,8:30 - 9:20,MCGIL 1350
PSYC 71	A01	083872	Steiner, Eric Tomas	25	LE,MW,14:00 - 16:50,MCGIL 1350|FI,2022-07-29,15:00 - 17:59,MCGIL 1350|LA,TuTh,15:30 - 16:20,MCGIL 1350
PSYC 100	A00	083269	Lacefield, Katharine I	180	LE,MW,8:00 - 10:50,RCLAS R10|FI,2022-07-29,8:00 - 10:59,RCLAS R10
PSYC 101	A00	083873	Heyman, Gail D.	90	LE,MW,14:00 - 16:50,CSB 001|FI,2022-07-29,15:00 - 17:59,CSB 001
PSYC 102	A00	083874	Case, Laura K	30	LE,MW,8:00 - 10:50,CENTR 217A|FI,2022-07-29,8:00 - 10:59,CENTR 218
PSYC 105	A00	083875	Geller, Emma Harlan	60	LE,MTuWTh,11:00 - 12:20,PETER 104|FI,2022-07-29,11:30 - 14:29,PETER 104
PSYC 106	A00	083876	Gorman, Michael R.	60	LE,TuTh,8:00 - 10:50,MANDE B-150|FI,2022-07-30,8:00 - 10:59,MANDE B-150
PSYC 114	A01	083271	Winkielman, Piotr	40	LE,MW,8:00 - 9:50,RCLAS R11|FI,2022-07-29,8:00 - 10:59,RCLAS R11|LA,MW,10:00 - 10:50,RCLAS R06
PSYC 137	A00	083272	Winkielman, Piotr	30	LE,MW,11:00 - 13:50,RCLAS R07|FI,2022-07-29,11:30 - 14:29,RCLAS R07
PSYC 155	A00	083877	Willis, Jarryd Thomas	85	LE,MW,11:00 - 13:50,CSB 001|FI,2022-07-29,11:30 - 14:29,CSB 001
PSYC 162	A00	083878	Wixted, John T	90	LE,MW,14:00 - 16:50,RCLAS R109|FI,2022-07-29,15:00 - 17:59,RCLAS R103
PSYC 168	A00	083273	Lacefield, Katharine I	180	LE,MW,11:00 - 13:50,RCLAS R01|FI,2022-07-29,11:30 - 14:29,RCLAS R100
PSYC 172	A00	083879	Gorman, Michael R.	40	LE,TuTh,11:00 - 13:50,WLH 2112|FI,2022-07-30,11:30 - 14:29,WLH 2112
PSYC 174	A00	091944	Schill, Hayden	22	LE,TuTh,14:00 - 16:50,MCGIL 2315|FI,2022-07-30,15:00 - 17:59,MCGIL 2315
PSYC 178	A00	083880	Glaser, Dale	30	LE,MW,11:00 - 13:50,CENTR 217A|FI,2022-07-29,11:30 - 14:29,CENTR 217B
PSYC 181GS	A00	083274	Anagnostaras, Stephan	28	LE,N/A,0:00 - 0:00,TBA TBA
PSYC 193	B00	083882	Chapman, Eddie Nathaniel	20	LE,MW,8:00 - 10:50,CENTR 201|FI,2022-07-29,8:00 - 10:59,CENTR 201
PSYC 193GS	A00	083276	Anagnostaras, Stephan	28	LE,N/A,0:00 - 0:00,TBA TBA
PSYC 193L	A01	083884	Lowe, Angela Beth	20	LE,MTuWTh,11:30 - 12:20,MCGIL 1350|FI,2022-07-29,11:30 - 14:29,MNDLR 1539|LA,MW,10:30 - 11:20,MNDLR 1539
PSYC 193L	B01	083278	Hurwitz, Ethan Scott	19	LE,MTuWTh,11:00 - 11:50,RCLAS R14|FI,2022-07-29,11:30 - 14:29,RCLAS R15|LA,TuTh,12:00 - 12:50,RCLAS R14
PSYC 199	001	095748	Dickenson, Janna Alene	9999	IN,N/A,0:00 - 0:00,TBA TBA
PSYC 199	002	095958	Aron, Adam	9999	IN,N/A,0:00 - 0:00,TBA TBA
PSYC 199	003	096507	Bomyea, Jessica A	9999	IN,N/A,0:00 - 0:00,TBA TBA
PSYC 199	004	096568	Heyman, Gail D.	9999	IN,N/A,0:00 - 0:00,TBA TBA
PSYC 199	005	096617	Willis, Jarryd Thomas	9999	IN,N/A,0:00 - 0:00,TBA TBA
PSYC 199	006	096655	Nichols, Maia Isabelle	9999	IN,N/A,0:00 - 0:00,TBA TBA
PSYC 199	007	096679	Panizzon, Matthew S.	9999	IN,N/A,0:00 - 0:00,TBA TBA
RELI 149	A00	083885	Rahimi, Babak	40	LE,MW,8:00 - 10:50,RCLAS R100
SE 101A	A00	083908	Zare Hosseinzadeh, Ali	30	LE,MTuWTh,11:00 - 12:20,RCLAS R122|LE,Th,15:00 - 16:50,RCLAS R122|FI,2022-07-29,11:30 - 14:29,RCLAS R112
SE 101C	A00	083909	Tsampras, Georgios	20	LE,TuTh,11:00 - 13:50,WLH 2110|LE,TuTh,14:00 - 14:50,WLH 2110|FI,2022-07-30,11:30 - 14:29,WLH 2110
SE 110A	A00	083910	Datta, Diptojit	20	LE,MW,11:00 - 13:50,RCLAS R151|LE,Tu,11:00 - 12:50,RCLAS R151|FI,2022-07-29,11:30 - 14:29,RCLAS R151
SE 130A	A00	083911	Bustamante, Ricardo	40	LE,MTuWTh,9:30 - 10:50,WLH 2112|LE,W,14:00 - 15:50,WLH 2114|FI,2022-07-29,8:00 - 10:59,WLH 2112
SIO 30	A01	083887	Bilo, Tiago Carrilho	40	LE,TuTh,14:00 - 16:50,VAUGN 100|FI,2022-07-30,15:00 - 17:59,VAUGN 100|DI,F,14:00 - 15:50,VAUGN 100
SIO 46GS	A00	083279	Cook, Geoffrey W	0	LE,N/A,0:00 - 0:00,TBA TBA
SIO 109R	A00	083280	Forman, Fonna	25	LE,TuTh,10:00 - 10:50,RCLAS R14|FI,2022-07-30,8:00 - 10:59,RCLAS R100
SIO 121GS	A00	083281	Cook, Geoffrey W	0	LE,N/A,0:00 - 0:00,TBA TBA
SIO 132	A01	083283	Kacev, David	55	LE,MW,11:00 - 13:50,RCLAS R05|FI,2022-07-30,11:30 - 14:29,RCLAS R05|DI,F,11:00 - 13:00,RCLAS R02
SIO 139	A00	083284	Kacev, David	40	SE,MW,14:00 - 15:50,RCLAS R18|FI,2022-07-29,15:00 - 17:59,RCLAS R11
SIO 199	001	096572	Benmarhnia, Tarik	9999	IN,N/A,0:00 - 0:00,TBA TBA
SIO 199	002	096611	Tresguerres, Martin	9999	IN,N/A,0:00 - 0:00,TBA TBA
SIO 299	001	093832	Constable, Steven C	9999	IN,N/A,0:00 - 0:00,TBA TBA
SIO 299	002	095553	Deheyn, Dimitri Dominique	9999	IN,N/A,0:00 - 0:00,TBA TBA
SIO 299	003	095568	Straneo, Fiammetta	9999	IN,N/A,0:00 - 0:00,TBA TBA
SIO 299	004	095700	Russell, Lynn M.	9999	IN,N/A,0:00 - 0:00,TBA TBA
SOCI 2	A01	083889	Raudenbush, Danielle	36	LE,MW,8:00 - 10:50,RCLAS R101|FI,2022-07-29,8:00 - 10:59,RCLAS R101|DI,MW,12:00 - 12:50,RCLAS R110
SOCI 2	A02	083890	Raudenbush, Danielle	36	LE,MW,8:00 - 10:50,RCLAS R101|FI,2022-07-29,8:00 - 10:59,RCLAS R101|DI,MW,13:00 - 13:50,RCLAS R102
SOCI 40	A01	083892	Raudenbush, Danielle	35	LE,TuTh,8:00 - 10:50,RCLAS R100|FI,2022-07-30,8:00 - 10:59,RCLAS R11|DI,TuTh,12:00 - 12:50,RCLAS R106
SOCI 40	A02	083893	Raudenbush, Danielle	35	LE,TuTh,8:00 - 10:50,RCLAS R100|FI,2022-07-30,8:00 - 10:59,RCLAS R11|DI,TuTh,13:00 - 13:50,RCLAS R106
SOCI 60	A01	083895	Lopez Ricoy, Ana Eugenia	30	LE,TuTh,11:00 - 13:50,RCLAS R109|FI,2022-07-30,11:30 - 14:29,RCLAS R100|DI,TuTh,15:00 - 15:50,RCLAS R108
SOCI 60	A02	083896	Lopez Ricoy, Ana Eugenia	16	LE,TuTh,11:00 - 13:50,RCLAS R109|FI,2022-07-30,11:30 - 14:29,RCLAS R100|DI,TuTh,16:00 - 16:50,RCLAS R01
SOCI 100	A01	083898	Goldman, Harvey Stern	32	LE,MTuWTh,12:30 - 13:50,RCLAS R108|FI,2022-07-29,11:30 - 14:29,RCLAS R09|DI,MW,14:00 - 14:50,RCLAS R107
SOCI 115	A00	083902	Harper, Heather Marie	30	LE,TuTh,14:00 - 16:50,CENTR 217A|FI,2022-07-30,15:00 - 17:59,CENTR 217A
SOCI 117	A01	083286	Osoria, Ruby	20	LE,MW,11:00 - 13:50,RCLAS R27|DI,N/A,0:00 - 0:00,TBA TBA
SOCI 118	A00	083287	Blair-Loy, Mary	48	LE,MW,8:00 - 10:50,RCLAS R05|FI,2022-07-29,8:00 - 10:59,RCLAS R05
SOCI 118E	A00	083903	Ng, Kwai	42	LE,MW,14:00 - 16:50,RCLAS R108|FI,2022-07-29,15:00 - 17:59,RCLAS R100
SOCI 126	A01	083289	Reece, Erika Rae	20	LE,TuTh,11:00 - 13:50,PETER 103|FI,2022-07-30,11:30 - 14:29,PETER 103|DI,N/A,0:00 - 0:00,TBA TBA
SOCI 132	A00	083290	Blair-Loy, Mary	52	LE,TuTh,8:00 - 10:50,RCLAS R06|FI,2022-07-30,8:00 - 10:59,RCLAS R06
SOCI 135	A00	083904	Payne, Christine Anna	52	LE,MTuWTh,11:00 - 12:20,RCLAS R121|FI,2022-07-29,11:30 - 14:29,RCLAS R111
SOCI 138GS	A00	091839	Navon, Daniel	15	LE,N/A,0:00 - 0:00,TBA TBA
SOCI 151	A00	083905	Goldman, Harvey Stern	60	LE,MTuWTh,15:30 - 16:50,RCLAS R106|FI,2022-07-29,15:00 - 17:59,RCLAS R102
SOCI 160	A00	083291	Payne, Christine Anna	65	LE,TuTh,17:00 - 19:50,RCLAS R103|FI,2022-07-30,19:00 - 21:59,RCLAS R07
SOCI 160E	A00	083906	Ng, Kwai	42	LE,MW,11:00 - 13:50,RCLAS R111|FI,2022-07-29,11:30 - 14:29,RCLAS R11
SOCI 165A	A00	084345	Conner, Thomas Hartnell	10	LE,MW,17:00 - 19:50,RCLAS R100|FI,2022-07-29,19:00 - 21:59,RCLAS R100
SOCI 188D	A00	083907	Ribeiro Fernandes Da Silva, Germano	32	LE,MTuWTh,14:00 - 15:20,WLH 2112|FI,2022-07-29,15:00 - 17:59,WLH 2114
TDAC 1	A00	083293	Harting, Carla Kelso	20	LA,MW,10:00 - 12:50,GH 155|FI,2022-07-29,8:00 - 10:59,GH 155
TDAC 101	A00	083309	Harting, Carla Kelso	20	ST,MW,13:00 - 15:50,GH 155
TDAC 102	A00	083310	Basso, Beatrice	20	ST,MTuWTh,11:00 - 13:20,RCLAS R15
TDDE 131	A00	083312	Doyle, Michael E.	50	ST,MW,14:00 - 16:50,RCLAS R21
TDDE 131GS	A00	083313	Guirguis, Mark C	28	ST,N/A,0:00 - 0:00,TBA TBA
TDDM 1	A00	083294	Cisneros, Melissa	30	ST,TuTh,10:00 - 12:50,DANCE 2
TDDM 5	A00	083295	Cisneros, Melissa	30	ST,MW,10:00 - 12:50,DANCE 3
TDGE 1	A01	083297	Salovey, Todd	50	LE,MW,11:00 - 12:50,RCLAS R19|FI,2022-07-29,11:30 - 14:29,RCLAS R19|DI,MW,13:00 - 13:50,RCLAS R11
TDGE 5	A01	083299	Reimer, Jonathan Charles	24	LE,MW,16:00 - 17:50,GH 247|FI,2022-07-30,15:00 - 17:59,GH 247|ST,F,12:00 - 15:50,GH 247
TDGE 10	A00	083300	Huynh, Michelle Vy	50	LE,MW,14:00 - 16:50,RCLAS R20
TDGE 10	B00	091965	Fulton, Julia	50	LE,MW,11:00 - 13:50,RCLAS R30
TDGE 11	A00	083301	Williams, Madison Mae	50	LE,TuTh,14:00 - 16:50,RCLAS R06|FI,2022-07-30,15:00 - 17:59,RCLAS R06
TDGE 11	B00	083302	Huynh, Michelle Vy	50	LE,MW,11:00 - 13:50,RCLAS R20|FI,2022-07-29,11:30 - 14:29,RCLAS R20
TDGE 124	A00	083914	Fulton, Julia	50	LE,TuTh,11:00 - 13:50,RCLAS R104
TDGE 125	A00	083314	Reimer, Jonathan Charles	50	LE,TuTh,12:00 - 14:50,RCLAS R11
TDGE 125GS	A00	083316	Guirguis, Mark C	28	LE,N/A,0:00 - 0:00,TBA TBA
TDHT 101	A00	083319	Urban, Alison Diana	20	LE,TuTh,9:00 - 11:50,GH 247
TDHT 114	A00	083320	Adler, Steven	50	LE,MTuWTh,10:30 - 11:50,RCLAS R11|FI,2022-07-29,8:00 - 10:59,RCLAS R100
TDMV 1	A00	083303	Caligagan, Maria T.	30	ST,MW,11:00 - 13:50,DANCE 1
TDMV 1	B00	083304	Arcidiacono, Kristin	30	ST,TuTh,17:00 - 19:50,DANCE 3
TDMV 2	A00	083305	Weinberg, Sadie	30	ST,MW,10:00 - 12:50,DANCE 2
TDMV 3	A00	083306	Rincon, Alicia	30	ST,MW,17:00 - 19:50,DANCE 1|FI,2022-07-29,19:00 - 21:59,DANCE 1
TDMV 11	A00	083308	Arcidiacono, Kristin	30	ST,MW,14:00 - 16:50,DANCE 3|FI,2022-07-29,15:00 - 17:59,DANCE 3
TDMV 142	A00	083321	Caligagan, Tony	40	ST,TuTh,11:00 - 13:50,DANCE 3
TDMV 142	B00	083322	Caligagan, Maria T.	30	ST,MW,14:00 - 16:50,DANCE 1
TDMV 146	A00	083323	Caligagan, Tony	40	ST,TuTh,14:00 - 16:50,DANCE 3
USP 1	A01	083916	Kwak, Nancy	27	LE,TuTh,14:00 - 16:50,RCLAS R113|FI,2022-07-30,15:00 - 17:59,RCLAS R09|DI,W,14:00 - 15:50,RCLAS R117
USP 2	A01	083918	Hinds, Juli Beth	25	LE,MW,11:00 - 13:50,RWAC 0104|FI,2022-07-29,11:30 - 14:29,RWAC 0104|DI,Tu,11:00 - 12:50,RWAC 0104
USP 168	A00	084344	Kwak, Nancy	5	LE,TuTh,17:00 - 19:50,RCLAS R04|FI,2022-07-30,19:00 - 21:59,RCLAS R04
USP 171GS	A00	083324	Bussell, Mirle Rabinowitz	28	LE,N/A,0:00 - 0:00,TBA TBA
USP 173	A00	083325	Newton, Joshua Dean	25	LE,TuTh,11:00 - 13:50,RCLAS R16|FI,2022-07-30,11:30 - 14:29,RCLAS R16
USP 183GS	A00	083326	Peerson, Susan	28	PR,N/A,0:00 - 0:00,TBA TBA
VIS 60	A01	083331	Anderson, Shane Nicholas	25	LE,MW,11:00 - 13:50,RCLAS R22|LA,MW,15:00 - 17:50,VAF 228
VIS 60	A02	083332	Anderson, Shane Nicholas	25	LE,MW,11:00 - 13:50,RCLAS R22|LA,TuTh,9:00 - 11:50,VAF 228
VIS 60	A03	083333	Anderson, Shane Nicholas	25	LE,MW,11:00 - 13:50,RCLAS R22|LA,TuTh,13:00 - 15:50,VAF 228
VIS 105D	A00	083334	Li, Huai	25	ST,MTuW,9:00 - 12:50,MANDE 219
VIS 122GS	A00	083335	Tronzo, William	30	LE,N/A,0:00 - 0:00,TBA TBA
VIS 149	A00	083336	Yoldas, Pinar	22	SE,MW,11:00 - 13:50,RCLAS R117
VIS 199	001	096428	Cartwright, Lisa	9999	IN,N/A,0:00 - 0:00,TBA TBA
WCWP 10B	A00	083923	Gagnon, Jeffrey C	15	SE,TuTh,8:00 - 10:50,EBU3B 1124
WCWP 10B	B00	083924	Rosenberg, Ryan Glenn	15	SE,TuTh,11:00 - 13:50,EBU3B 1124
WCWP 10B	C00	083925	Garvin, Arianna Christina	15	SE,TuTh,14:00 - 16:50,WSAC 132
WCWP 100	A00	083926	Twohig, Niall Ivan	15	LE,TuTh,8:00 - 10:50,WSAC 132
WCWP 100	B00	083927	Young, Mark T	15	LE,TuTh,11:00 - 13:50,RCLAS R20
WCWP 100	C00	083928	Tocki, Jasmine Rae	15	LE,TuTh,14:00 - 16:50,EBU3B 1124
